stop_name,stop_name_kn
10th Cross Magadi Road,10ತ್ ಕ್ರೊಸ್ಸ್ ಮಗದಿ ರೊದ್
12th Block Nagarabhavi,12ತ್ ಬ್ಲೊಕ್ಕ್ ನಗರಭವಿ
12th Main 7th Cross BTM Layout,12ತ್ ಮೈಂ 7ತ್ ಕ್ರೊಸ್ಸ್ ಬ್ಟ್ಂ ಲಯೌಟ್
18th Main Jayanagara,18ತ್ ಮೈಂ ಜಯನಗರ
19th Main 13th Cross HSR Layout,19ತ್ ಮೈಂ 13ತ್ ಕ್ರೊಸ್ಸ್ ಹ್ಸ್ರ್ ಲಯೌಟ್
1st Block Rajajinagara,1ಸ್ಟ್ ಬ್ಲೊಕ್ಕ್ ರಜಜಿನಗರ
1st Block Vidyaranyapura,1ಸ್ಟ್ ಬ್ಲೊಕ್ಕ್ ವಿಠೆರನೆಪುರ
1st Cross Magadi Road,1ಸ್ಟ್ ಕ್ರೊಸ್ಸ್ ಮಗದಿ ರೊದ್
2nd Stage Kanteeravanagara,2ಂದ್ ಸ್ಟಗೆ ಕಂಟೀರವನಗರ
2nd stage Kuvempunagara,2ಂದ್ ಸ್ಟಗೆ ಕುವೆಂಪುನಗರ
3rd Block Jayanagara,3ರ್ದ್ ಬ್ಲೊಕ್ಕ್ ಜಯನಗರ
3rd Block Vidyaranyapura,3ರ್ದ್ ಬ್ಲೊಕ್ಕ್ ವಿಠೆರನೆಪುರ
4th T Block Jayanagara,4ತ್ ಟ್ ಬ್ಲೊಕ್ಕ್ ಜಯನಗರ
5th Block Jayanagara,5ತ್ ಬ್ಲೊಕ್ಕ್ ಜಯನಗರ
5th Cross Magadi Road,5ತ್ ಕ್ರೊಸ್ಸ್ ಮಗದಿ ರೊದ್
5th Phase Yelahanka New Town,5ತ್ ಫಸೆ ಯೆಲಹಂಕ ನೆವ್ ಟೌಂ
6th Block Rajajinagara,6ತ್ ಬ್ಲೊಕ್ಕ್ ರಜಜಿನಗರ
7th Cross Wilson Garden,7ತ್ ಕ್ರೊಸ್ಸ್ ವಿಲ್ಸೊಂ ಗರ್ದೆಂ
80ft Road Banasawadi,80ೞ್ಟ್ ರೊದ್ ಬನಸವದಿ
80ft Road HRBR Layout,80ೞ್ಟ್ ರೊದ್ ಹ್ರ್ಬ್ರ್ ಲಯೌಟ್
8th Main 3rd Cross  Junction,8ತ್ ಮೈಂ 3ರ್ದ್ ಕ್ರೊಸ್ಸ್  ಜುಂಕ್ಟಿೊಂ
8th Main Kamalanagara,8ತ್ ಮೈಂ ಕಮಲನಗರ
8th Mile Dasarahalli,8ತ್ ಮಿಲೆ ದಸರಹಲ್ಲಿ
9th Block Jayanagara (40th Cross),9ತ್ ಬ್ಲೊಕ್ಕ್ ಜಯನಗರ (40ತ್ ಕ್ರೊಸ್ಸ್)
A P J Abdul Kalam Statue,ಅ ಪ್ ಜ್ ಬ್ದುಲ್ ಕಲಂ ಸ್ಟಟುೆ
AECS Dental College,ಅೆಕ್ಸ್ ದೆಂಟಲ್ ಕೊಲ್ಲೆಗೆ
AECS Layout Cross,ಅೆಕ್ಸ್ ಲಯೌಟ್ ಕ್ರೊಸ್ಸ್
AGS Layout,ಅಗ್ಸ್ ಲಯೌಟ್
AGS Layout Arehalli,ಅಗ್ಸ್ ಲಯೌಟ್ ರೆಹಲ್ಲಿ
AGS Layout Cross,ಅಗ್ಸ್ ಲಯೌಟ್ ಕ್ರೊಸ್ಸ್
AMC College,ಅಂಕ್ ಕೊಲ್ಲೆಗೆ
APMC Yard,ಅಪ್ಂಕ್ ಯರ್ದ್
APS College,ಅಪ್ಸ್ ಕೊಲ್ಲೆಗೆ
ASC Centre,ಅಸ್ಕ್ ಕೆಂಟ್ರೆ
Abbigere,ಅಬ್ಬಿಗೆರೆ
Abbigere Cross,ಅಬ್ಬಿಗೆರೆ ಕ್ರೊಸ್ಸ್
Acharya College,ಅಚರೆ ಕೊಲ್ಲೆಗೆ
Adakimaranahalli,ಅದಕಿಮರನಹಲ್ಲಿ
Adugodi,ಅದುಗೊದಿ
Adugodi Police Station,ಅದುಗೊದಿ ಪೊಲಿಕೆ ಸ್ಟಟಿೊಂ
Agara Cross,ಅಗರ ಕ್ರೊಸ್ಸ್
Agara Junction,ಅಗರ ಜುಂಕ್ಟಿೊಂ
Agrahara Dasarahalli,ಅಗ್ರಹರ ದಸರಹಲ್ಲಿ
Airport Trumpet,ಐರ್ಪೊರ್ಟ್ ಟ್ರುಂಪೆಟ್
Akkithimmanahalli,ಅಕ್ಕಿತಿಮ್ಮನಹಲ್ಲಿ
Akshayanagara,ಅಕ್ಷಯನಗರ
Aladamara Laggere,ಅಲದಮರ ಲಗ್ಗೆರೆ
Aladamara Papareddypalya,ಅಲದಮರ ಪಪರೆದ್ಠೆಪಲೆ
Alanayakanahalli Gate,ಅಲನಯಕನಹಲ್ಲಿ ಗಟೆ
Allalasandra Gate,ಅಲ್ಲಲಸಂದ್ರ ಗಟೆ
Alpha College Chikka Gubbi,ಅಲ್ಫ ಕೊಲ್ಲೆಗೆ ಚಿಕ್ಕ ಗುಬ್ಬಿ
Ambedkar Institute of Technology,ಅಂಬೆದ್ಕರ್ ಿಂಸ್ಟಿಟುಟೆ ೊೞ್ ಟೆಚ್ನೊಲೊಗೆ
Ambedkar Nagara,ಅಂಬೆದ್ಕರ್ ನಗರ
Ambika School,ಅಂಬಿಕ ಸ್ಚೂಲ್
Amma Ashrama Cross,ಅಮ್ಮ ಶ್ರಮ ಕ್ರೊಸ್ಸ್
Amruthahalli,ಅಂರುತಹಲ್ಲಿ
Ananda Ashrama (BGT Rd),ಅನಂದ ಶ್ರಮ (ಬ್ಗ್ಟ್ ರ್ದ್)
Ananda Rao Circle,ಅನಂದ ರೊ ಕಿರ್ಕ್ಲೆ
Anandapura,ಅನಂದಪುರ
Ananthapura Gate,ಅನಂತಪುರ ಗಟೆ
Anche Muskuru,ಅಂಚೆ ಮುಸ್ಕುರು
Anchepalya,ಅಂಚೆಪಲೆ
Andhrahalli,ಅಂಧ್ರಹಲ್ಲಿ
Andhrahalli Gate,ಅಂಧ್ರಹಲ್ಲಿ ಗಟೆ
Andhrahalli Govt School,ಅಂಧ್ರಹಲ್ಲಿ ಗೊವ್ಟ್ ಸ್ಚೂಲ್
Anekal,ಅನೆಕಲ್
Anekal Circle,ಅನೆಕಲ್ ಕಿರ್ಕ್ಲೆ
Anjananagara,ಅಞನನಗರ
Anjanapura,ಅಞನಪುರ
Anjaneya Temple Madhure,ಅಞನೆಯ ಟೆಂಪ್ಲೆ ಮಧುರೆ
Anjaneya Temple Nelamangala,ಅಞನೆಯ ಟೆಂಪ್ಲೆ ನೆಲಮಙಲ
Anjaneya Temple Thigalarapalya,ಅಞನೆಯ ಟೆಂಪ್ಲೆ ತಿಗಲರಪಲೆ
Annapoorneshwari nagara Cross,ಅಂನಪೂರ್ನೆಶ್ವರಿ ನಗರ ಕ್ರೊಸ್ಸ್
Annapoorneshwarinagara,ಅಂನಪೂರ್ನೆಶ್ವರಿನಗರ
Annapoorneshwarinagara Water Tank,ಅಂನಪೂರ್ನೆಶ್ವರಿನಗರ ವಟೆರ್ ಟಂಕ್
Anugondanahalli Cross,ಅನುಗೊಂದನಹಲ್ಲಿ ಕ್ರೊಸ್ಸ್
Anugraha Badavane (Bilekahalli),ಅನುಗ್ರಹ ಬದವನೆ (ಬಿಲೆಕಹಲ್ಲಿ)
Aparel Park,ಅಪರೆಲ್ ಪರ್ಕ್
Apex Bank,ಅಪೆಕ್ಸ್ ಬಂಕ್
Apollo Hospital,ಅಪೊಲ್ಲೊ ಹೊಸ್ಪಿಟಲ್
Aradeshanahalli Gate,ಅರದೆಶನಹಲ್ಲಿ ಗಟೆ
Arakere Gate,ಅರಕೆರೆ ಗಟೆ
Aralimara Sunkadakatte,ಅರಲಿಮರ ಸುಂಕದಕಟೆ
Arch Lingadeeranahalli,ಅರ್ಚ್ ಲಿಙದೀರನಹಲ್ಲಿ
Arebic College,ಅರೆಬಿಕ್ ಕೊಲ್ಲೆಗೆ
Arehalli,ಅರೆಹಲ್ಲಿ
Arehalli Cross,ಅರೆಹಲ್ಲಿ ಕ್ರೊಸ್ಸ್
Arishinakunte,ಅರಿಶಿನಕುಂಟೆ
Arivesandra,ಅರಿವೆಸಂದ್ರ
Art Of Living (Kanakapura Road),ಅರ್ಟ್ ೊೞ್ ಲಿವಿಙ್ (ಕನಕಪುರ ರೊದ್)
Art Of Living Ravishankar Ashram,ಅರ್ಟ್ ೊೞ್ ಲಿವಿಙ್ ರವಿಶಂಕರ್ ಶ್ರಂ
Asha Nandagokula Badavane,ಅಶ ನಂದಗೊಕುಲ ಬದವನೆ
Ashoka Pillar,ಅಶೊಕ ಪಿಲ್ಲರ್
Ashrama Ramohalli,ಅಶ್ರಮ ರಮೊಹಲ್ಲಿ
Ashwath Nagara,ಅಶ್ವತ್ ನಗರ
Ashwathkatte Manorayanapalya,ಅಶ್ವತ್ಕಟೆ ಮನೊರಯನಪಲೆ
Ashwathkatte Sultanpalya,ಅಶ್ವತ್ಕಟೆ ಸುಲ್ಟಂಪಲೆ
Ashwathnagara,ಅಶ್ವತ್ನಗರ
Attibele Bus Stand,ಅಟಿಬೆಲೆ ಬುಸ್ ಸ್ಟಂದ್
Atturu,ಅಟುರು
Atturu Layout,ಅಟುರು ಲಯೌಟ್
Atturu Layout Vegetable Market,ಅಟುರು ಲಯೌಟ್ ವೆಗೆಟಬ್ಲೆ ಮರ್ಕೆಟ್
Austin Town,ಔಸ್ಟಿಂ ಟೌಂ
Austin Town Neelasandra,ಔಸ್ಟಿಂ ಟೌಂ ನೀಲಸಂದ್ರ
Auto Gas/Royal School,ಔಟೊ ಗಸ್/ರೊಯಲ್ ಸ್ಚೂಲ್
Avadadenahalli Gate,ಅವದದೆನಹಲ್ಲಿ ಗಟೆ
Avalahalli,ಅವಲಹಲ್ಲಿ
Avalahalli BDA Layout,ಅವಲಹಲ್ಲಿ ಬ್ದ ಲಯೌಟ್
Avalahalli BDA Park Girinagara,ಅವಲಹಲ್ಲಿ ಬ್ದ ಪರ್ಕ್ ಗಿರಿನಗರ
Avalahalli Hosakote,ಅವಲಹಲ್ಲಿ ಹೊಸಕೊಟೆ
Avinash Petrol Bunk,ಅವಿನಶ್ ಪೆಟ್ರೊಲ್ ಬುಂಕ್
Ayyappa Temple Jalahalli Cross,ಅಯೆಪ್ಪ ಟೆಂಪ್ಲೆ ಜಲಹಲ್ಲಿ ಕ್ರೊಸ್ಸ್
Ayyappa Temple Yeshawanthapura,ಅಯೆಪ್ಪ ಟೆಂಪ್ಲೆ ಯೆಶವಂತಪುರ
B Channasandra Bridge(Ramamurthy Nagara Ring Road),ಬ್ ಚಂನಸಂದ್ರ ಬ್ರಿದ್ಗೆ(ರಮಮುರ್ತೆ ನಗರ ರಿಙ್ ರೊದ್)
B K Nagara Cross,ಬ್ ಕ್ ನಗರ ಕ್ರೊಸ್ಸ್
B Narayanapura,ಬ್ ನರಯನಪುರ
BDA Complex Koramangala,ಬ್ದ ಕೊಂಪ್ಲೆಕ್ಸ್ ಕೊರಮಙಲ
BDA Complex Nagarabhavi,ಬ್ದ ಕೊಂಪ್ಲೆಕ್ಸ್ ನಗರಭವಿ
BDA Park Bande Maramma Temple,ಬ್ದ ಪರ್ಕ್ ಬಂದೆ ಮರಮ್ಮ ಟೆಂಪ್ಲೆ
BEL Circle,ಬೆಲ್ ಕಿರ್ಕ್ಲೆ
BEL Hospital,ಬೆಲ್ ಹೊಸ್ಪಿಟಲ್
BEL Market,ಬೆಲ್ ಮರ್ಕೆಟ್
BEML Complex,ಬೆಂಲ್ ಕೊಂಪ್ಲೆಕ್ಸ್
BEML Gate,ಬೆಂಲ್ ಗಟೆ
BEML Layout 5th stage,ಬೆಂಲ್ ಲಯೌಟ್ 5ತ್ ಸ್ಟಗೆ
BEML Layout Gate,ಬೆಂಲ್ ಲಯೌಟ್ ಗಟೆ
BGS PU College Thotagere,ಬ್ಗ್ಸ್ ಪು ಕೊಲ್ಲೆಗೆ ತೊಟಗೆರೆ
BHEL,ಭೆಲ್
BK Circle,ಬ್ಕ್ ಕಿರ್ಕ್ಲೆ
BMTC Training Centre,ಬ್ಂಟ್ಕ್ ಟ್ರೈನಿಙ್ ಕೆಂಟ್ರೆ
BPL,ಬ್ಪ್ಲ್
BTL College,ಬ್ಟ್ಲ್ ಕೊಲ್ಲೆಗೆ
BTM Layout 16th Main,ಬ್ಟ್ಂ ಲಯೌಟ್ 16ತ್ ಮೈಂ
BTM Layout 16th Main Road,ಬ್ಟ್ಂ ಲಯೌಟ್ 16ತ್ ಮೈಂ ರೊದ್
BTM Layout 4 Phase (ELC RTO Office),ಬ್ಟ್ಂ ಲಯೌಟ್ 4 ಫಸೆ (ೆಲ್ಕ್ ರ್ಟೊ ೊೞ್ೞಿಕೆ)
BTM Layout Water Tank,ಬ್ಟ್ಂ ಲಯೌಟ್ ವಟೆರ್ ಟಂಕ್
BUC ADM Block,ಬುಕ್ ದ್ಂ ಬ್ಲೊಕ್ಕ್
BUC Ladies Hostel,ಬುಕ್ ಲದಿೆಸ್ ಹೊಸ್ಟೆಲ್
BUC Library,ಬುಕ್ ಲಿಬ್ರರೆ
BUC Quarters,ಬುಕ್ qುರ್ಟೆರ್ಸ್
BWSSB Quarters Nayandahalli,ಬ್ವ್ಸ್ಸ್ಬ್ qುರ್ಟೆರ್ಸ್ ನಯಂದಹಲ್ಲಿ
BWSSB Tavarekere,ಬ್ವ್ಸ್ಸ್ಬ್ ಟವರೆಕೆರೆ
Babusabpalya 302,ಬಬುಸಬ್ಪಲೆ 302
Bachahalli Gate,ಬಚಹಲ್ಲಿ ಗಟೆ
Bagalagunte,ಬಗಲಗುಂಟೆ
Bagalur,ಬಗಲುರ್
Bagalur Colony,ಬಗಲುರ್ ಕೊಲೊನೆ
Bagalur Cross,ಬಗಲುರ್ ಕ್ರೊಸ್ಸ್
Bagalur Santhe,ಬಗಲುರ್ ಸಂತೆ
Bagluru Old police Station,ಬಗ್ಲುರು ೊಲ್ದ್ ಪೊಲಿಕೆ ಸ್ಟಟಿೊಂ
Bagmane Tech Park,ಬಗ್ಮನೆ ಟೆಚ್ ಪರ್ಕ್
Balagere,ಬಲಗೆರೆ
Balepura,ಬಲೆಪುರ
Balepura Gate,ಬಲೆಪುರ ಗಟೆ
Baluvanahalli Cross,ಬಲುವನಹಲ್ಲಿ ಕ್ರೊಸ್ಸ್
Bamboo Bazaar,ಬಂಬೂ ಬಜ಼ಾರ್
Banasawadi,ಬನಸವದಿ
Banashankari,ಬನಶಂಕರಿ
Banashankari 1st Stage Muneshwara Block KEB,ಬನಶಂಕರಿ 1ಸ್ಟ್ ಸ್ಟಗೆ ಮುನೆಶ್ವರ ಬ್ಲೊಕ್ಕ್ ಕೆಬ್
Banashankari 3rd Stage 3rd Phase,ಬನಶಂಕರಿ 3ರ್ದ್ ಸ್ಟಗೆ 3ರ್ದ್ ಫಸೆ
Banashankari Bus Station,ಬನಶಂಕರಿ ಬುಸ್ ಸ್ಟಟಿೊಂ
Banashankari Hunasemara,ಬನಶಂಕರಿ ಹುನಸೆಮರ
Bandapura Gate,ಬಂದಪುರ ಗಟೆ
Bande Bommasandra Cross,ಬಂದೆ ಬೊಮ್ಮಸಂದ್ರ ಕ್ರೊಸ್ಸ್
Bande Kodigehallipalya Cross,ಬಂದೆ ಕೊದಿಗೆಹಲ್ಲಿಪಲೆ ಕ್ರೊಸ್ಸ್
Bande Maramma Bus Station,ಬಂದೆ ಮರಮ್ಮ ಬುಸ್ ಸ್ಟಟಿೊಂ
Bank Amruthahalli,ಬಂಕ್ ಂರುತಹಲ್ಲಿ
Bank Circle Bashettyhalli,ಬಂಕ್ ಕಿರ್ಕ್ಲೆ ಬಶೆಟೆಹಲ್ಲಿ
Bank Colony,ಬಂಕ್ ಕೊಲೊನೆ
Bannerughatta Circle,ಬಂನೆರುಘಟ ಕಿರ್ಕ್ಲೆ
Bannerughatta National Park,ಬಂನೆರುಘಟ ನಟಿೊನಲ್ ಪರ್ಕ್
Basappa Circle,ಬಸಪ್ಪ ಕಿರ್ಕ್ಲೆ
Basavanagara,ಬಸವನಗರ
Basavanagara Kengeri,ಬಸವನಗರ ಕೆಙೆರಿ
Basavanagudi Police Station,ಬಸವನಗುದಿ ಪೊಲಿಕೆ ಸ್ಟಟಿೊಂ
Basavanapura Gate,ಬಸವನಪುರ ಗಟೆ
Basavanna Temple Hoovinayakanahalli,ಬಸವಂನ ಟೆಂಪ್ಲೆ ಹೂವಿನಯಕನಹಲ್ಲಿ
Basaveshwara College,ಬಸವೆಶ್ವರ ಕೊಲ್ಲೆಗೆ
Basaveshwaranagara New Bus Stand,ಬಸವೆಶ್ವರನಗರ ನೆವ್ ಬುಸ್ ಸ್ಟಂದ್
Bashettalli,ಬಶೆಟಲ್ಲಿ
Bashyam Circle,ಬಶೆಂ ಕಿರ್ಕ್ಲೆ
Bashyam Circle Rajajinagara,ಬಶೆಂ ಕಿರ್ಕ್ಲೆ ರಜಜಿನಗರ
Bayyanapalya,ಬಯೆನಪಲೆ
Bayyandahalli,ಬಯೆಂದಹಲ್ಲಿ
Bayyandahalli Colony,ಬಯೆಂದಹಲ್ಲಿ ಕೊಲೊನೆ
Bayyappanahalli Metro Station,ಬಯೆಪ್ಪನಹಲ್ಲಿ ಮೆಟ್ರೊ ಸ್ಟಟಿೊಂ
Begihalli,ಬೆಗಿಹಲ್ಲಿ
Bellahalli Cross,ಬೆಲ್ಲಹಲ್ಲಿ ಕ್ರೊಸ್ಸ್
Bellanduru Gate SJP Road,ಬೆಲ್ಲಂದುರು ಗಟೆ ಸ್ಜ್ಪ್ ರೊದ್
Bellikere,ಬೆಲ್ಲಿಕೆರೆ
Bellikere Cross,ಬೆಲ್ಲಿಕೆರೆ ಕ್ರೊಸ್ಸ್
Bengaluru Dairy Circle,ಬೆಙಲುರು ದೈರೆ ಕಿರ್ಕ್ಲೆ
Bengaluru High School,ಬೆಙಲುರು ಹಿಘ್ ಸ್ಚೂಲ್
Bengaluru University Gate,ಬೆಙಲುರು ುನಿವೆರ್ಸಿಟೆ ಗಟೆ
Bengaluru University Quarters,ಬೆಙಲುರು ುನಿವೆರ್ಸಿಟೆ qುರ್ಟೆರ್ಸ್
Benniganahalli,ಬೆಂನಿಗನಹಲ್ಲಿ
Best County,ಬೆಸ್ಟ್ ಕೌಂಟೆ
Bettahalasuru Cross,ಬೆಟಹಲಸುರು ಕ್ರೊಸ್ಸ್
Bettahalli,ಬೆಟಹಲ್ಲಿ
Bettahalli Colony,ಬೆಟಹಲ್ಲಿ ಕೊಲೊನೆ
Bettahalli Cross,ಬೆಟಹಲ್ಲಿ ಕ್ರೊಸ್ಸ್
Bhakthi Yoga Ashrama,ಭಕ್ತಿ ಯೊಗ ಶ್ರಮ
Bharath Nagara 1st Phase,ಭರತ್ ನಗರ 1ಸ್ಟ್ ಫಸೆ
Bharath Nagara 2nd Stage,ಭರತ್ ನಗರ 2ಂದ್ ಸ್ಟಗೆ
Bharathi Nagara,ಭರತಿ ನಗರ
Bharathi Nursing Home Jayanagara,ಭರತಿ ನುರ್ಸಿಙ್ ಹೊಮೆ ಜಯನಗರ
Bhattarahalli,ಭಟರಹಲ್ಲಿ
Bhavani Nagara 2nd Stage,ಭವನಿ ನಗರ 2ಂದ್ ಸ್ಟಗೆ
Bhavani Nagara 2nd Stage Cross,ಭವನಿ ನಗರ 2ಂದ್ ಸ್ಟಗೆ ಕ್ರೊಸ್ಸ್
Bheemanakuppe Cross,ಭೀಮನಕುಪ್ಪೆ ಕ್ರೊಸ್ಸ್
Bhodhana Hosahalli,ಭೊಧನ ಹೊಸಹಲ್ಲಿ
Bhoopasandra,ಭೂಪಸಂದ್ರ
Bhoopasandra Ayyappa Bakery,ಭೂಪಸಂದ್ರ ಯೆಪ್ಪ ಬಕೆರೆ
Bhuvanahalli Gate,ಭುವನಹಲ್ಲಿ ಗಟೆ
Bhuvaneshwari Nagara,ಭುವನೆಶ್ವರಿ ನಗರ
Bhuvaneshwari Nagara 1st Stage,ಭುವನೆಶ್ವರಿ ನಗರ 1ಸ್ಟ್ ಸ್ಟಗೆ
Bhuvaneshwari Nagara 2nd Stage,ಭುವನೆಶ್ವರಿ ನಗರ 2ಂದ್ ಸ್ಟಗೆ
Bhuvaneshwari Nagara Mahalakshmi Temple,ಭುವನೆಶ್ವರಿ ನಗರ ಮಹಲಕ್ಷ್ಮಿ ಟೆಂಪ್ಲೆ
Bhuvaneshwari Petrol Bunk,ಭುವನೆಶ್ವರಿ ಪೆಟ್ರೊಲ್ ಬುಂಕ್
Bible  College Byrathi,ಬಿಬ್ಲೆ  ಕೊಲ್ಲೆಗೆ ಬೆರತಿ
Bidadi,ಬಿದದಿ
Bidadi Railway Station,ಬಿದದಿ ರೈಲ್ವಯ್ ಸ್ಟಟಿೊಂ
Bidalapura Cross,ಬಿದಲಪುರ ಕ್ರೊಸ್ಸ್
Bidiganahalli Cross,ಬಿದಿಗನಹಲ್ಲಿ ಕ್ರೊಸ್ಸ್
Big Bazzar ITPL,ಬಿಗ್ ಬಜ಼್ಜ಼ರ್ ಿಟ್ಪ್ಲ್
Bikashipura,ಬಿಕಶಿಪುರ
Bilavaradahalli,ಬಿಲವರದಹಲ್ಲಿ
Bilekahalli,ಬಿಲೆಕಹಲ್ಲಿ
Bileshivale,ಬಿಲೆಶಿವಲೆ
Billa Kempanahalli Gate,ಬಿಲ್ಲ ಕೆಂಪನಹಲ್ಲಿ ಗಟೆ
Billinakote,ಬಿಲ್ಲಿನಕೊಟೆ
Binnamangala,ಬಿಂನಮಙಲ
Binnamangala Towads Nelamangala),ಬಿಂನಮಙಲ ಟೌದ್ಸ್ ನೆಲಮಙಲ)
Binny Mill,ಬಿಂನೆ ಮಿಲ್ಲ್
Binnypet,ಬಿಂನೆಪೆಟ್
Biscuits Factory,ಬಿಸ್ಕುಿಟ್ಸ್ ೞಕ್ಟೊರೆ
Bolare,ಬೊಲರೆ
Bombay Dyeing Yashwanthapura,ಬೊಂಬಯ್ ಠೆೈಙ್ ಯಶ್ವಂತಪುರ
Bommanahalli,ಬೊಮ್ಮನಹಲ್ಲಿ
Bommanahalli Fly Over,ಬೊಮ್ಮನಹಲ್ಲಿ ೞ್ಲೆ ೊವೆರ್
Bommasandra,ಬೊಮ್ಮಸಂದ್ರ
Bone Mill,ಬೊನೆ ಮಿಲ್ಲ್
Book Factory Thanisandra,ಬೂಕ್ ೞಕ್ಟೊರೆ ತನಿಸಂದ್ರ
Brigade Atmosphere,ಬ್ರಿಗದೆ ಟ್ಮೊಸ್ಫೆರೆ
Brigade Millenium,ಬ್ರಿಗದೆ ಮಿಲ್ಲೆನಿುಂ
Brook Steel ESI,ಬ್ರೂಕ್ ಸ್ಟೀಲ್ ೆಸಿ
Brooke Bond,ಬ್ರೂಕೆ ಬೊಂದ್
Brundavana Peenya,ಬ್ರುಂದವನ ಪೀನೆ
Budigere,ಬುದಿಗೆರೆ
Budigere Cross,ಬುದಿಗೆರೆ ಕ್ರೊಸ್ಸ್
Budihal Gate,ಬುದಿಹಲ್ ಗಟೆ
Byadarahalli,ಬೆದರಹಲ್ಲಿ
Byagadadenahalli Gate,ಬೆಗದದೆನಹಲ್ಲಿ ಗಟೆ
Byatarayanapura,ಬೆಟರಯನಪುರ
Byramangala Cross,ಬೆರಮಙಲ ಕ್ರೊಸ್ಸ್
Byranahalli Cross,ಬೆರನಹಲ್ಲಿ ಕ್ರೊಸ್ಸ್
Byrasandra Cross,ಬೆರಸಂದ್ರ ಕ್ರೊಸ್ಸ್
Byrasandra New Bus Stand,ಬೆರಸಂದ್ರ ನೆವ್ ಬುಸ್ ಸ್ಟಂದ್
Byrathi,ಬೆರತಿ
Byrathi Bande,ಬೆರತಿ ಬಂದೆ
Byrathi Cross,ಬೆರತಿ ಕ್ರೊಸ್ಸ್
Byraveshwaranagara,ಬೆರವೆಶ್ವರನಗರ
C R P F Yelahanka,ಕ್ ರ್ ಪ್ ೞ್ ಯೆಲಹಂಕ
CBI,ಕ್ಬಿ
CMH Hospital,ಕ್ಂಹ್ ಹೊಸ್ಪಿಟಲ್
CMRIT College,ಕ್ಂರಿಟ್ ಕೊಲ್ಲೆಗೆ
CMTI,ಕ್ಂಟಿ
CPRI Quarters,ಕ್ಪ್ರಿ qುರ್ಟೆರ್ಸ್
CPWD Quarters HSR Layout,ಕ್ಪ್ವ್ದ್ qುರ್ಟೆರ್ಸ್ ಹ್ಸ್ರ್ ಲಯೌಟ್
CR Police Ground,ಕ್ರ್ ಪೊಲಿಕೆ ಗ್ರೌಂದ್
CV Raman Nagara,ಕ್ವ್ ರಮಂ ನಗರ
Canara Bank Hebbala,ಕನರ ಬಂಕ್ ಹೆಬ್ಬಲ
Canara Bank Koramangala,ಕನರ ಬಂಕ್ ಕೊರಮಙಲ
Canara Bank Rajajinagara 1st Block,ಕನರ ಬಂಕ್ ರಜಜಿನಗರ 1ಸ್ಟ್ ಬ್ಲೊಕ್ಕ್
Canara Bank Subramanyanagara,ಕನರ ಬಂಕ್ ಸುಬ್ರಮನೆನಗರ
Canara Bank Tannery Road,ಕನರ ಬಂಕ್ ಟಂನೆರೆ ರೊದ್
Cantonment Railway Station,ಕಂಟೊಂಮೆಂಟ್ ರೈಲ್ವಯ್ ಸ್ಟಟಿೊಂ
Cargo Village,ಕರ್ಗೊ ವಿಲ್ಲಗೆ
Carmel Convent Jayanagara,ಕರ್ಮೆಲ್ ಕೊಂವೆಂಟ್ ಜಯನಗರ
Carmelram Gate,ಕರ್ಮೆಲ್ರಂ ಗಟೆ
Cauvery Bhavana,ಕೌವೆರೆ ಭವನ
Cauvery Nagara,ಕೌವೆರೆ ನಗರ
Central,ಕೆಂಟ್ರಲ್
Chakkalatti,ಚಕ್ಕಲಟಿ
Chamarajapet,ಚಮರಜಪೆಟ್
Chambenahalli,ಚಂಬೆನಹಲ್ಲಿ
Chamundeshwari Layout,ಚಮುಂದೆಶ್ವರಿ ಲಯೌಟ್
Chandapura,ಚಂದಪುರ
Chandapura KEB,ಚಂದಪುರ ಕೆಬ್
Chandra Layout,ಚಂದ್ರ ಲಯೌಟ್
Chandra Layout Circle,ಚಂದ್ರ ಲಯೌಟ್ ಕಿರ್ಕ್ಲೆ
Chandra Public School,ಚಂದ್ರ ಪುಬ್ಲಿಕ್ ಸ್ಚೂಲ್
Chandrappa Circle,ಚಂದ್ರಪ್ಪ ಕಿರ್ಕ್ಲೆ
Chandrappanagara,ಚಂದ್ರಪ್ಪನಗರ
Channadasipalya,ಚಂನದಸಿಪಲೆ
Channammanakere Achukattu,ಚಂನಮ್ಮನಕೆರೆ ಚುಕಟು
Channappa Circle,ಚಂನಪ್ಪ ಕಿರ್ಕ್ಲೆ
Channarayapatna,ಚಂನರಯಪಟ್ನ
Channarayapatna School,ಚಂನರಯಪಟ್ನ ಸ್ಚೂಲ್
Channasandra,ಚಂನಸಂದ್ರ
Channenahalli,ಚಂನೆನಹಲ್ಲಿ
Channenahalli Arch,ಚಂನೆನಹಲ್ಲಿ ರ್ಚ್
Charls School Toll Gate,ಚರ್ಲ್ಸ್ ಸ್ಚೂಲ್ ಟೊಲ್ಲ್ ಗಟೆ
Chatra (Yeliyuru Gate),ಚಟ್ರ (ಯೆಲಿಯುರು ಗಟೆ)
Cheemachanahalli,ಚೀಮಚನಹಲ್ಲಿ
Cheemasandra,ಚೀಮಸಂದ್ರ
Cheemasandra Gate,ಚೀಮಸಂದ್ರ ಗಟೆ
Chikka Banavara,ಚಿಕ್ಕ ಬನವರ
Chikka Basti Masjid,ಚಿಕ್ಕ ಬಸ್ಟಿ ಮಸ್ಜಿದ್
Chikka Bommasandra Cross,ಚಿಕ್ಕ ಬೊಮ್ಮಸಂದ್ರ ಕ್ರೊಸ್ಸ್
Chikka Gollarahatti,ಚಿಕ್ಕ ಗೊಲ್ಲರಹಟಿ
Chikka Gubbi,ಚಿಕ್ಕ ಗುಬ್ಬಿ
Chikka Gubbi Cross,ಚಿಕ್ಕ ಗುಬ್ಬಿ ಕ್ರೊಸ್ಸ್
Chikka Hagade Gate,ಚಿಕ್ಕ ಹಗದೆ ಗಟೆ
Chikka Kammanahalli,ಚಿಕ್ಕ ಕಮ್ಮನಹಲ್ಲಿ
Chikka Kukkanahalli,ಚಿಕ್ಕ ಕುಕ್ಕನಹಲ್ಲಿ
Chikka Madhure,ಚಿಕ್ಕ ಮಧುರೆ
Chikka Sanne Gate,ಚಿಕ್ಕ ಸಂನೆ ಗಟೆ
Chikka Tattamangala Gate,ಚಿಕ್ಕ ಟಟಮಙಲ ಗಟೆ
Chikka Thirupathi,ಚಿಕ್ಕ ತಿರುಪತಿ
Chikka Veeraiahanapalya Cross,ಚಿಕ್ಕ ವೀರೈಹನಪಲೆ ಕ್ರೊಸ್ಸ್
Chikkabanavara Railway Station,ಚಿಕ್ಕಬನವರ ರೈಲ್ವಯ್ ಸ್ಟಟಿೊಂ
Chikkabidarakallu,ಚಿಕ್ಕಬಿದರಕಲ್ಲು
Chikkajala,ಚಿಕ್ಕಜಲ
Chikkallasandra,ಚಿಕ್ಕಲ್ಲಸಂದ್ರ
Chikkallasandra Aralimara,ಚಿಕ್ಕಲ್ಲಸಂದ್ರ ರಲಿಮರ
Chikkallasandra Bank Colony,ಚಿಕ್ಕಲ್ಲಸಂದ್ರ ಬಂಕ್ ಕೊಲೊನೆ
Chinnayyanapalya Silk Farm,ಚಿಂನಯೆನಪಲೆ ಸಿಲ್ಕ್ ೞರ್ಂ
Chokkanahalli Gate,ಚೊಕ್ಕನಹಲ್ಲಿ ಗಟೆ
Cholanayakanahalli,ಚೊಲನಯಕನಹಲ್ಲಿ
Chowdappanahalli,ಚೌದಪ್ಪನಹಲ್ಲಿ
Chowdareddy Circle,ಚೌದರೆದ್ಠೆ ಕಿರ್ಕ್ಲೆ
Chowdeshwarinagara,ಚೌದೆಶ್ವರಿನಗರ
Chowdeshwarinagara JP Park,ಚೌದೆಶ್ವರಿನಗರ ಜ್ಪ್ ಪರ್ಕ್
Chunchanakuppe,ಚುಂಚನಕುಪ್ಪೆ
Cipla Avalahalli,ಕಿಪ್ಲ ವಲಹಲ್ಲಿ
Coffee Day Hope Farm,ಕೊೞ್ೞೀ ದಯ್ ಹೊಪೆ ೞರ್ಂ
Coles Park,ಕೊಲೆಸ್ ಪರ್ಕ್
Coles Road,ಕೊಲೆಸ್ ರೊದ್
College Cross Byadarahalli,ಕೊಲ್ಲೆಗೆ ಕ್ರೊಸ್ಸ್ ಬೆದರಹಲ್ಲಿ
Commando Hospital,ಕೊಮ್ಮಂದೊ ಹೊಸ್ಪಿಟಲ್
Commercial Street,ಕೊಮ್ಮೆರ್ಕಿಲ್ ಸ್ಟ್ರೀಟ್
Corporation,ಕೊರ್ಪೊರಟಿೊಂ
Country Club Bagaluru,ಕೌಂಟ್ರೆ ಕ್ಲುಬ್ ಬಗಲುರು
Cox Town,ಕೊಕ್ಸ್ ಟೌಂ
Crown Plaza,ಕ್ರೌಂ ಪ್ಲಜ಼
Crystal Apartment Sarjapura Road,ಕ್ರೆಸ್ಟಲ್ ಪರ್ಟ್ಮೆಂಟ್ ಸರ್ಜಪುರ ರೊದ್
Cunningham Road,ಕುಂನಿಙ್ಹಂ ರೊದ್
C‌ Q A L,ಕ್‌ q  ಲ್
D Cross Doddaballapura,ದ್ ಕ್ರೊಸ್ಸ್ ದೊದ್ದಬಲ್ಲಪುರ
D Group Employees Layout Srigandhada Kaval,ದ್ ಗ್ರೌಪ್ ೆಂಪ್ಲೊಯೀಸ್ ಲಯೌಟ್ ಸ್ರಿಗಂಧದ ಕವಲ್
DHFL,ಧ್ೞ್ಲ್
DRDO Quarters,ದ್ರ್ದೊ qುರ್ಟೆರ್ಸ್
Dabaspete,ದಬಸ್ಪೆಟೆ
Dalai Lama College,ದಲೈ ಲಮ ಕೊಲ್ಲೆಗೆ
Dargha,ದರ್ಘ
Dasanapura,ದಸನಪುರ
Dasarahalli Kere,ದಸರಹಲ್ಲಿ ಕೆರೆ
Dasenahalli Cross,ದಸೆನಹಲ್ಲಿ ಕ್ರೊಸ್ಸ್
Dayananda Sagar College,ದಯನಂದ ಸಗರ್ ಕೊಲ್ಲೆಗೆ
Dayananda Sagar Vidya Samste,ದಯನಂದ ಸಗರ್ ವಿಠೆ ಸಂಸ್ಟೆ
Deepa Complex,ದೀಪ ಕೊಂಪ್ಲೆಕ್ಸ್
Deepak Factory,ದೀಪಕ್ ೞಕ್ಟೊರೆ
Deepak Nursing Home,ದೀಪಕ್ ನುರ್ಸಿಙ್ ಹೊಮೆ
Deepanjalinagara,ದೀಪಞಲಿನಗರ
Depot-06 Gate,ದೆಪೊಟ್-06 ಗಟೆ
Depot-10 Gate,ದೆಪೊಟ್-10 ಗಟೆ
Depot-12 Gate,ದೆಪೊಟ್-12 ಗಟೆ
Depot-31 Gate,ದೆಪೊಟ್-31 ಗಟೆ
Depot-35 Gate,ದೆಪೊಟ್-35 ಗಟೆ
Depot-40 Gate,ದೆಪೊಟ್-40 ಗಟೆ
Depot-48 Gate,ದೆಪೊಟ್-48 ಗಟೆ
Deshnarayanaswamy Temple,ದೆಶ್ನರಯನಸ್ವಮೆ ಟೆಂಪ್ಲೆ
Deva Machohalli Cross,ದೆವ ಮಚೊಹಲ್ಲಿ ಕ್ರೊಸ್ಸ್
Devaiah Park,ದೆವೈಹ್ ಪರ್ಕ್
Devanahalli Bypass NH-7,ದೆವನಹಲ್ಲಿ ಬೆಪಸ್ಸ್ ಂಹ್-7
Devanahalli Govt Hospital,ದೆವನಹಲ್ಲಿ ಗೊವ್ಟ್ ಹೊಸ್ಪಿಟಲ್
Devanahalli New Bus Station,ದೆವನಹಲ್ಲಿ ನೆವ್ ಬುಸ್ ಸ್ಟಟಿೊಂ
Devanahalli Old Bus Stand,ದೆವನಹಲ್ಲಿ ೊಲ್ದ್ ಬುಸ್ ಸ್ಟಂದ್
Devanahalli Talluk Office,ದೆವನಹಲ್ಲಿ ಟಲ್ಲುಕ್ ೊೞ್ೞಿಕೆ
Devannanapalya,ದೆವಂನನಪಲೆ
Devasandra Chikkamaranahalli,ದೆವಸಂದ್ರ ಚಿಕ್ಕಮರನಹಲ್ಲಿ
Devegowda Hospital,ದೆವೆಗೌದ ಹೊಸ್ಪಿಟಲ್
Devegowda Petrol Bunk,ದೆವೆಗೌದ ಪೆಟ್ರೊಲ್ ಬುಂಕ್
Devis Road,ದೆವಿಸ್ ರೊದ್
Dhaba Gate,ಧಬ ಗಟೆ
Dharmapura Cross,ಧರ್ಮಪುರ ಕ್ರೊಸ್ಸ್
Dhobi Ghat Rajajinagara,ಧೊಬಿ ಘಟ್ ರಜಜಿನಗರ
Diacon Hospital,ದಿಕೊಂ ಹೊಸ್ಪಿಟಲ್
Dinnur,ದಿಂನುರ್
Dinnur Cross,ದಿಂನುರ್ ಕ್ರೊಸ್ಸ್
Dinnur Main Road,ದಿಂನುರ್ ಮೈಂ ರೊದ್
Diwanarapalya,ದಿವನರಪಲೆ
Dodda Aladamara,ದೊದ್ದ ಲದಮರ
Dodda Basti,ದೊದ್ದ ಬಸ್ಟಿ
Dodda Bommasandra,ದೊದ್ದ ಬೊಮ್ಮಸಂದ್ರ
Dodda Bommasandra Arch,ದೊದ್ದ ಬೊಮ್ಮಸಂದ್ರ ರ್ಚ್
Dodda Dunnasandra,ದೊದ್ದ ದುಂನಸಂದ್ರ
Dodda Dunnasandra Cross,ದೊದ್ದ ದುಂನಸಂದ್ರ ಕ್ರೊಸ್ಸ್
Dodda Gubbi,ದೊದ್ದ ಗುಬ್ಬಿ
Doddaballapura Bus Stand,ದೊದ್ದಬಲ್ಲಪುರ ಬುಸ್ ಸ್ಟಂದ್
Doddaballapura Railway Station,ದೊದ್ದಬಲ್ಲಪುರ ರೈಲ್ವಯ್ ಸ್ಟಟಿೊಂ
Doddakallasandra,ದೊದ್ದಕಲ್ಲಸಂದ್ರ
Doddakallasandra Metro Station,ದೊದ್ದಕಲ್ಲಸಂದ್ರ ಮೆಟ್ರೊ ಸ್ಟಟಿೊಂ
Doddakammanahalli,ದೊದ್ದಕಮ್ಮನಹಲ್ಲಿ
Doddakannalli,ದೊದ್ದಕಂನಲ್ಲಿ
Doddanalluru,ದೊದ್ದನಲ್ಲುರು
Dodderi Tumkur Road,ದೊದ್ದೆರಿ ಟುಂಕುರ್ ರೊದ್
Doddy,ದೊದ್ಠೆ
Dombarahatti Dongadipura Cross,ದೊಂಬರಹಟಿ ದೊಙದಿಪುರ ಕ್ರೊಸ್ಸ್
Domlur,ದೊಂಲುರ್
Domlur Flyover,ದೊಂಲುರ್ ೞ್ಲೆೊವೆರ್
Dommasandra,ದೊಮ್ಮಸಂದ್ರ
Dommasandra Circle,ದೊಮ್ಮಸಂದ್ರ ಕಿರ್ಕ್ಲೆ
Double Road BEML Layout,ದೌಬ್ಲೆ ರೊದ್ ಬೆಂಲ್ ಲಯೌಟ್
Double Road Indiranagara,ದೌಬ್ಲೆ ರೊದ್ ಿಂದಿರನಗರ
Dubasipalya Cross,ದುಬಸಿಪಲೆ ಕ್ರೊಸ್ಸ್
Durga Bakery Mallathahallli,ದುರ್ಗ ಬಕೆರೆ ಮಲ್ಲತಹಲ್ಲ್ಲಿ
Durga Parameshwari Temple,ದುರ್ಗ ಪರಮೆಶ್ವರಿ ಟೆಂಪ್ಲೆ
Dwaraka Nagara,ದ್ವರಕ ನಗರ
ESI Hospital Rajajinagara,ಎಸಿ ಹೊಸ್ಪಿಟಲ್ ರಜಜಿನಗರ
East End Jayanagara,ಎಸ್ಟ್ ೆಂದ್ ಜಯನಗರ
East Railway Station,ಎಸ್ಟ್ ರೈಲ್ವಯ್ ಸ್ಟಟಿೊಂ
East West College Cross,ಎಸ್ಟ್ ವೆಸ್ಟ್ ಕೊಲ್ಲೆಗೆ ಕ್ರೊಸ್ಸ್
East West Public School,ಎಸ್ಟ್ ವೆಸ್ಟ್ ಪುಬ್ಲಿಕ್ ಸ್ಚೂಲ್
Echalamara Vidyaranyapura,ಎಚಲಮರ ವಿಠೆರನೆಪುರ
Electronic City,ಎಲೆಕ್ಟ್ರೊನಿಕ್ ಕಿಟೆ
Electronic City FLY,ಎಲೆಕ್ಟ್ರೊನಿಕ್ ಕಿಟೆ ೞ್ಲೆ
Electronic City PESIT College,ಎಲೆಕ್ಟ್ರೊನಿಕ್ ಕಿಟೆ ಪೆಸಿಟ್ ಕೊಲ್ಲೆಗೆ
Electronic City Wipro Main Gate,ಎಲೆಕ್ಟ್ರೊನಿಕ್ ಕಿಟೆ ವಿಪ್ರೊ ಮೈಂ ಗಟೆ
Elgin Floor Mill,ಎಲ್ಗಿಂ ೞ್ಲೂರ್ ಮಿಲ್ಲ್
Escorts,ಎಸ್ಕೊರ್ಟ್ಸ್
Fathima Church,ೞತಿಮ ಚುರ್ಚ್
Forest Gate,ೞೊರೆಸ್ಟ್ ಗಟೆ
Forum Mall,ೞೊರುಂ ಮಲ್ಲ್
Frazer Town,ೞ್ರಜ಼ೆರ್ ಟೌಂ
G Hosahalli,ಗ್ ಹೊಸಹಲ್ಲಿ
G Hosahalli Road Junction,ಗ್ ಹೊಸಹಲ್ಲಿ ರೊದ್ ಜುಂಕ್ಟಿೊಂ
GKVK GATE,ಗ್ಕ್ವ್ಕ್ ಗಟೆ
GM Palya,ಗ್ಂ ಪಲೆ
GPO,ಗ್ಪೊ
GR Tech Park ITPL,ಗ್ರ್ ಟೆಚ್ ಪರ್ಕ್ ಿಟ್ಪ್ಲ್
Ganagaluru Cross,ಗನಗಲುರು ಕ್ರೊಸ್ಸ್
Gandhi Nagara,ಗಂಧಿ ನಗರ
Ganesha Temple Chandra Layout,ಗನೆಶ ಟೆಂಪ್ಲೆ ಚಂದ್ರ ಲಯೌಟ್
Ganesha Temple Mahalakshmi Layout,ಗನೆಶ ಟೆಂಪ್ಲೆ ಮಹಲಕ್ಷ್ಮಿ ಲಯೌಟ್
Ganesha Temple Mahalaskhmi Layout,ಗನೆಶ ಟೆಂಪ್ಲೆ ಮಹಲಸ್ಖ್ಮಿ ಲಯೌಟ್
Ganesha Temple Tavarekere,ಗನೆಶ ಟೆಂಪ್ಲೆ ಟವರೆಕೆರೆ
Ganesha Temple Thippasandra,ಗನೆಶ ಟೆಂಪ್ಲೆ ತಿಪ್ಪಸಂದ್ರ
Ganesha Temple Vasanthanagara,ಗನೆಶ ಟೆಂಪ್ಲೆ ವಸಂತನಗರ
Gangamma Circle,ಗಙಮ್ಮ ಕಿರ್ಕ್ಲೆ
Gangappanahalli,ಗಙಪ್ಪನಹಲ್ಲಿ
Gangenahalli,ಗಙೆನಹಲ್ಲಿ
Gangenahalli Cross,ಗಙೆನಹಲ್ಲಿ ಕ್ರೊಸ್ಸ್
Gangondanahalli Masjid,ಗಙೊಂದನಹಲ್ಲಿ ಮಸ್ಜಿದ್
Gantakana Doddy Cross,ಗಂಟಕನ ದೊದ್ಠೆ ಕ್ರೊಸ್ಸ್
Garden City College TC Palya,ಗರ್ದೆಂ ಕಿಟೆ ಕೊಲ್ಲೆಗೆ ಟ್ಕ್ ಪಲೆ
Garudacharpalya,ಗರುದಚರ್ಪಲೆ
Garudappa Circle Thigalarapalya,ಗರುದಪ್ಪ ಕಿರ್ಕ್ಲೆ ತಿಗಲರಪಲೆ
Garvebhavipalya,ಗರ್ವೆಭವಿಪಲೆ
Gayathri Nagara,ಗಯತ್ರಿ ನಗರ
Gayathri Nagara Cross,ಗಯತ್ರಿ ನಗರ ಕ್ರೊಸ್ಸ್
Geddalahalli,ಗೆದ್ದಲಹಲ್ಲಿ
Geetanjali Layout,ಗೀಟಞಲಿ ಲಯೌಟ್
Gerahalli,ಗೆರಹಲ್ಲಿ
Gerupalya,ಗೆರುಪಲೆ
Gidadakonenahalli,ಗಿದದಕೊನೆನಹಲ್ಲಿ
Gidadakonenahalli Cross,ಗಿದದಕೊನೆನಹಲ್ಲಿ ಕ್ರೊಸ್ಸ್
Girinagara,ಗಿರಿನಗರ
Girinagara 2nd Stage,ಗಿರಿನಗರ 2ಂದ್ ಸ್ಟಗೆ
Girinagara Extension,ಗಿರಿನಗರ ೆಕ್ಸ್ಟೆಂಸಿೊಂ
Glass Factory,ಗ್ಲಸ್ಸ್ ೞಕ್ಟೊರೆ
Gnana Jyothi school,ಗ್ನನ ಜೆೊತಿ ಸ್ಚೂಲ್
Gokula,ಗೊಕುಲ
Gollahalli,ಗೊಲ್ಲಹಲ್ಲಿ
Gollarahatti,ಗೊಲ್ಲರಹಟಿ
Gopalapura,ಗೊಪಲಪುರ
Goraguntepalya,ಗೊರಗುಂಟೆಪಲೆ
Gottigere,ಗೊಟಿಗೆರೆ
Govardhan Talkies,ಗೊವರ್ಧಂ ಟಲ್ಕಿೆಸ್
Govindapura Cross,ಗೊವಿಂದಪುರ ಕ್ರೊಸ್ಸ್
Govindarajanagara,ಗೊವಿಂದರಜನಗರ
Govt Hospital Vijayapura,ಗೊವ್ಟ್ ಹೊಸ್ಪಿಟಲ್ ವಿಜಯಪುರ
Govt Primary School Chikkabhanavara,ಗೊವ್ಟ್ ಪ್ರಿಮರೆ ಸ್ಚೂಲ್ ಚಿಕ್ಕಭನವರ
Govt Soap Factory,ಗೊವ್ಟ್ ಸೊಪ್ ೞಕ್ಟೊರೆ
Gowdanapalya,ಗೌದನಪಲೆ
Gowrava Nagara,ಗೌರವ ನಗರ
Gowrenahalli,ಗೌರೆನಹಲ್ಲಿ
Grandwell,ಗ್ರಂದ್ವೆಲ್ಲ್
Graphite India,ಗ್ರಫಿಟೆ ಿಂದಿ
Gubbalala Gate,ಗುಬ್ಬಲಲ ಗಟೆ
Gubbi Cross,ಗುಬ್ಬಿ ಕ್ರೊಸ್ಸ್
Guddadahalli,ಗುದ್ದದಹಲ್ಲಿ
Guddahatti Gate,ಗುದ್ದಹಟಿ ಗಟೆ
Gudde Devastana Kamalanagara,ಗುದ್ದೆ ದೆವಸ್ಟನ ಕಮಲನಗರ
Guduvanahalli Gate,ಗುದುವನಹಲ್ಲಿ ಗಟೆ
Guestline Hotel,ಗುೆಸ್ಟ್ಲಿನೆ ಹೊಟೆಲ್
Gullakaipura,ಗುಲ್ಲಕೈಪುರ
Gunasheela Hospital,ಗುನಶೀಲ ಹೊಸ್ಪಿಟಲ್
Gundenahalli,ಗುಂದೆನಹಲ್ಲಿ
Gundenahalli Cross,ಗುಂದೆನಹಲ್ಲಿ ಕ್ರೊಸ್ಸ್
Gurappanapalya,ಗುರಪ್ಪನಪಲೆ
Gurudwara/Lido,ಗುರುದ್ವರ/ಲಿದೊ
HAL Admin Gate,ಹಲ್ ದ್ಮಿಂ ಗಟೆ
HAL Kalyana Mantap,ಹಲ್ ಕಲೆನ ಮಂಟಪ್
HAL Main Gate,ಹಲ್ ಮೈಂ ಗಟೆ
HG Palya,ಹ್ಗ್ ಪಲೆ
HMT Auditorium,ಹ್ಂಟ್ ೌದಿಟೊರಿುಂ
HMT Club House,ಹ್ಂಟ್ ಕ್ಲುಬ್ ಹೌಸೆ
HMT Layout R T Nagara,ಹ್ಂಟ್ ಲಯೌಟ್ ರ್ ಟ್ ನಗರ
HMT Post Office,ಹ್ಂಟ್ ಪೊಸ್ಟ್ ೊೞ್ೞಿಕೆ
HMT Watch Factory,ಹ್ಂಟ್ ವಟ್ಚ್ ೞಕ್ಟೊರೆ
HRBR Layout Cross,ಹ್ರ್ಬ್ರ್ ಲಯೌಟ್ ಕ್ರೊಸ್ಸ್
HSBC,ಹ್ಸ್ಬ್ಕ್
HSR Layout KEB,ಹ್ಸ್ರ್ ಲಯೌಟ್ ಕೆಬ್
HSR Layout Petrol Bunk,ಹ್ಸ್ರ್ ಲಯೌಟ್ ಪೆಟ್ರೊಲ್ ಬುಂಕ್
Halasuru,ಹಲಸುರು
Halasuru Police Station,ಹಲಸುರು ಪೊಲಿಕೆ ಸ್ಟಟಿೊಂ
Hale Chandapura,ಹಲೆ ಚಂದಪುರ
Hampi Nagara 7th Main,ಹಂಪಿ ನಗರ 7ತ್ ಮೈಂ
Hampinagara RPC Layout,ಹಂಪಿನಗರ ರ್ಪ್ಕ್ ಲಯೌಟ್
Hamsa Farm,ಹಂಸ ೞರ್ಂ
Hancharahalli Gate,ಹಂಚರಹಲ್ಲಿ ಗಟೆ
Hanumanthanagara Ward Office,ಹನುಮಂತನಗರ ವರ್ದ್ ೊೞ್ೞಿಕೆ
Haragadde,ಹರಗದ್ದೆ
Haragadde Cross,ಹರಗದ್ದೆ ಕ್ರೊಸ್ಸ್
Harapanahalli,ಹರಪನಹಲ್ಲಿ
Hari Nagara Cross,ಹರಿ ನಗರ ಕ್ರೊಸ್ಸ್
Harishchandra Ghat,ಹರಿಶ್ಚಂದ್ರ ಘಟ್
Harohalli,ಹರೊಹಲ್ಲಿ
Harohalli Depot,ಹರೊಹಲ್ಲಿ ದೆಪೊಟ್
Harohalli Petrol bunk,ಹರೊಹಲ್ಲಿ ಪೆಟ್ರೊಲ್ ಬುಂಕ್
Havanur Circle,ಹವನುರ್ ಕಿರ್ಕ್ಲೆ
Hebbagodi,ಹೆಬ್ಬಗೊದಿ
Hebbala,ಹೆಬ್ಬಲ
Hegganahalli,ಹೆಗ್ಗನಹಲ್ಲಿ
Hegganahalli Cross,ಹೆಗ್ಗನಹಲ್ಲಿ ಕ್ರೊಸ್ಸ್
Hejjala Cross,ಹೆಜ್ಜಲ ಕ್ರೊಸ್ಸ್
Helicopter Division,ಹೆಲಿಕೊಪ್ಟೆರ್ ದಿವಿಸಿೊಂ
Hennagara Gate,ಹೆಂನಗರ ಗಟೆ
Hennur,ಹೆಂನುರ್
Hennur Bande,ಹೆಂನುರ್ ಬಂದೆ
Hennur Cross,ಹೆಂನುರ್ ಕ್ರೊಸ್ಸ್
Hennuru Junction,ಹೆಂನುರು ಜುಂಕ್ಟಿೊಂ
Hennuru Petrol Bunk,ಹೆಂನುರು ಪೆಟ್ರೊಲ್ ಬುಂಕ್
Herohalli Cross,ಹೆರೊಹಲ್ಲಿ ಕ್ರೊಸ್ಸ್
Herohalli Sunkadakatte,ಹೆರೊಹಲ್ಲಿ ಸುಂಕದಕಟೆ
Hesaraghatta,ಹೆಸರಘಟ
Hesaraghatta TB Cross,ಹೆಸರಘಟ ಟ್ಬ್ ಕ್ರೊಸ್ಸ್
High Ground Police Station,ಹಿಘ್ ಗ್ರೌಂದ್ ಪೊಲಿಕೆ ಸ್ಟಟಿೊಂ
High School Sondekoppa,ಹಿಘ್ ಸ್ಚೂಲ್ ಸೊಂದೆಕೊಪ್ಪ
Himagiri,ಹಿಮಗಿರಿ
Hiranandani Villas,ಹಿರನಂದನಿ ವಿಲ್ಲಸ್
Hittarahalli Gate,ಹಿಟರಹಲ್ಲಿ ಗಟೆ
Honaganahatti,ಹೊನಗನಹಟಿ
Honnakalasapura Cross,ಹೊಂನಕಲಸಪುರ ಕ್ರೊಸ್ಸ್
Honnenahalli,ಹೊಂನೆನಹಲ್ಲಿ
Hoodi,ಹೂದಿ
Hope Farm,ಹೊಪೆ ೞರ್ಂ
Hosa Doddy Gate,ಹೊಸ ದೊದ್ಠೆ ಗಟೆ
Hosa Hudya,ಹೊಸ ಹುಠೆ
Hosa Road,ಹೊಸ ರೊದ್
Hosa Road FLY,ಹೊಸ ರೊದ್ ೞ್ಲೆ
Hosahalli,ಹೊಸಹಲ್ಲಿ
Hosahalli Gate (Rathnam Hotel),ಹೊಸಹಲ್ಲಿ ಗಟೆ (ರತ್ನಂ ಹೊಟೆಲ್)
Hosakerehalli  Junction,ಹೊಸಕೆರೆಹಲ್ಲಿ  ಜುಂಕ್ಟಿೊಂ
Hosakerehalli Petrol Bunk,ಹೊಸಕೆರೆಹಲ್ಲಿ ಪೆಟ್ರೊಲ್ ಬುಂಕ್
Hosakote BEO office,ಹೊಸಕೊಟೆ ಬೆೊ ೊೞ್ೞಿಕೆ
Hosakote Bus Stand (Old),ಹೊಸಕೊಟೆ ಬುಸ್ ಸ್ಟಂದ್ (ೊಲ್ದ್)
Hosakote Flower Market,ಹೊಸಕೊಟೆ ೞ್ಲೌೆರ್ ಮರ್ಕೆಟ್
Hosakote High School,ಹೊಸಕೊಟೆ ಹಿಘ್ ಸ್ಚೂಲ್
Hosakote Kodi,ಹೊಸಕೊಟೆ ಕೊದಿ
Hosakote Toll,ಹೊಸಕೊಟೆ ಟೊಲ್ಲ್
Hosakote Toll (Volvo),ಹೊಸಕೊಟೆ ಟೊಲ್ಲ್ (ವೊಲ್ವೊ)
Hoskerehalli,ಹೊಸ್ಕೆರೆಹಲ್ಲಿ
Hoskerehalli Cross,ಹೊಸ್ಕೆರೆಹಲ್ಲಿ ಕ್ರೊಸ್ಸ್
Hosmat Hospital,ಹೊಸ್ಮಟ್ ಹೊಸ್ಪಿಟಲ್
Hosur Road Junction,ಹೊಸುರ್ ರೊದ್ ಜುಂಕ್ಟಿೊಂ
Hosuru,ಹೊಸುರು
Hosuru Bande,ಹೊಸುರು ಬಂದೆ
Hoysala Nagara,ಹೊಯ್ಸಲ ನಗರ
Hulimavu,ಹುಲಿಮವು
Hulimavu Gate,ಹುಲಿಮವು ಗಟೆ
Hunasamaranahalli,ಹುನಸಮರನಹಲ್ಲಿ
Hunasemara,ಹುನಸೆಮರ
Hunnigere,ಹುಂನಿಗೆರೆ
Hurali Chikkanahalli,ಹುರಲಿ ಚಿಕ್ಕನಹಲ್ಲಿ
Huskur Cross,ಹುಸ್ಕುರ್ ಕ್ರೊಸ್ಸ್
Huskur Gate,ಹುಸ್ಕುರ್ ಗಟೆ
Huskur Village,ಹುಸ್ಕುರ್ ವಿಲ್ಲಗೆ
Hyundai Showroom Mysore Road,ಹೆುಂದೈ ಶೌರೂಂ ಮೆಸೊರೆ ರೊದ್
I Gate,ಇ ಗಟೆ
IAF Jalahalli,ಇೞ್ ಜಲಹಲ್ಲಿ
IBM Gate,ಇಬ್ಂ ಗಟೆ
IOC Circle,ಇೊಕ್ ಕಿರ್ಕ್ಲೆ
ISKCON Temple Maruthinagara,ಇಸ್ಕ್ಕೊಂ ಟೆಂಪ್ಲೆ ಮರುತಿನಗರ
ISRO Layout,ಇಸ್ರೊ ಲಯೌಟ್
ITC Factory,ಇಟ್ಕ್ ೞಕ್ಟೊರೆ
ITI Circle,ಇಟಿ ಕಿರ್ಕ್ಲೆ
ITI Colony Gate,ಇಟಿ ಕೊಲೊನೆ ಗಟೆ
ITI Layout,ಇಟಿ ಲಯೌಟ್
ITI Layout Cross,ಇಟಿ ಲಯೌಟ್ ಕ್ರೊಸ್ಸ್
ITPL,ಇಟ್ಪ್ಲ್
Ibbaluru,ಇಬ್ಬಲುರು
Ideal Homes,ಇದೆಲ್ ಹೊಮೆಸ್
Iggluru,ಇಗ್ಗ್ಲುರು
Inchara Hotel JP Nagar,ಇಂಚರ ಹೊಟೆಲ್ ಜ್ಪ್ ನಗರ್
Income Tax Layout,ಇಂಕೊಮೆ ಟಕ್ಸ್ ಲಯೌಟ್
Indian Air Force,ಇಂದಿಂ ೈರ್ ೞೊರ್ಕೆ
Indian Express,ಇಂದಿಂ ೆಕ್ಸ್ಪ್ರೆಸ್ಸ್
Indian Oil,ಇಂದಿಂ ೊಿಲ್
Indira Nursing Home,ಇಂದಿರ ನುರ್ಸಿಙ್ ಹೊಮೆ
Indiranagar Grama,ಇಂದಿರನಗರ್ ಗ್ರಮ
Indiranagara Metro Station,ಇಂದಿರನಗರ ಮೆಟ್ರೊ ಸ್ಟಟಿೊಂ
Indiranagara Police Station/KFC,ಇಂದಿರನಗರ ಪೊಲಿಕೆ ಸ್ಟಟಿೊಂ/ಕ್ೞ್ಕ್
Indlavadi Cross,ಇಂದ್ಲವದಿ ಕ್ರೊಸ್ಸ್
Industrial Town Rajajinagara,ಇಂದುಸ್ಟ್ರಿಲ್ ಟೌಂ ರಜಜಿನಗರ
Infosys Parking Lot,ಇಂೞೊಶೆಸ್ ಪರ್ಕಿಙ್ ಲೊಟ್
Ittamadu,ಇಟಮದು
Ittamadu Cross,ಇಟಮದು ಕ್ರೊಸ್ಸ್
Ittige Factory,ಇಟಿಗೆ ೞಕ್ಟೊರೆ
JBN Petrol Bunk,ಜ್ಬ್ಂ ಪೆಟ್ರೊಲ್ ಬುಂಕ್
JC Nagara Kurubarahalli,ಜ್ಕ್ ನಗರ ಕುರುಬರಹಲ್ಲಿ
JP Nagara 15th Cross,ಜ್ಪ್ ನಗರ 15ತ್ ಕ್ರೊಸ್ಸ್
JP Nagara 3rd Phase,ಜ್ಪ್ ನಗರ 3ರ್ದ್ ಫಸೆ
JP Nagara Metro Station,ಜ್ಪ್ ನಗರ ಮೆಟ್ರೊ ಸ್ಟಟಿೊಂ
Jai Bharath Nagara,ಜೈ ಭರತ್ ನಗರ
Jai Bheem Circle (Poornima Theatre),ಜೈ ಭೀಂ ಕಿರ್ಕ್ಲೆ (ಪೂರ್ನಿಮ ತೆಟ್ರೆ)
Jai Bhuvaneshwari Nagara,ಜೈ ಭುವನೆಶ್ವರಿ ನಗರ
Jai Maruthi Nagara,ಜೈ ಮರುತಿ ನಗರ
Jakkanahalli Cross,ಜಕ್ಕನಹಲ್ಲಿ ಕ್ರೊಸ್ಸ್
Jakkasandra,ಜಕ್ಕಸಂದ್ರ
Jakkur Aerodrum,ಜಕ್ಕುರ್ ೆರೊದ್ರುಂ
Jakkur Layout,ಜಕ್ಕುರ್ ಲಯೌಟ್
Jalabhavan,ಜಲಭವಂ
Jalahalli Cross,ಜಲಹಲ್ಲಿ ಕ್ರೊಸ್ಸ್
Jalahalli East,ಜಲಹಲ್ಲಿ ೆಸ್ಟ್
Jalahalli Police Station,ಜಲಹಲ್ಲಿ ಪೊಲಿಕೆ ಸ್ಟಟಿೊಂ
Jalavayu Vihara,ಜಲವಯು ವಿಹರ
Jambu Savari Dinne,ಜಂಬು ಸವರಿ ದಿಂನೆ
Janaki Rama Layout,ಜನಕಿ ರಮ ಲಯೌಟ್
Janapriya Apartment,ಜನಪ್ರಿಯ ಪರ್ಟ್ಮೆಂಟ್
Janapriya Township,ಜನಪ್ರಿಯ ಟೌಂಶಿಪ್
Janatha Bazar  Banashankari,ಜನತ ಬಜ಼ರ್  ಬನಶಂಕರಿ
Jandemara,ಜಂದೆಮರ
Janthamane,ಜಂತಮನೆ
Jaraganahalli Cross,ಜರಗನಹಲ್ಲಿ ಕ್ರೊಸ್ಸ್
Jayamahal,ಜಯಮಹಲ್
Jayanagar 6 block,ಜಯನಗರ್ 6 ಬ್ಲೊಕ್ಕ್
Jayanagar 6th block,ಜಯನಗರ್ 6ತ್ ಬ್ಲೊಕ್ಕ್
Jayanagara  38th Cross,ಜಯನಗರ  38ತ್ ಕ್ರೊಸ್ಸ್
Jayanagara 4th Block,ಜಯನಗರ 4ತ್ ಬ್ಲೊಕ್ಕ್
Jayanagara Bus Station,ಜಯನಗರ ಬುಸ್ ಸ್ಟಟಿೊಂ
Jayanagara Church,ಜಯನಗರ ಚುರ್ಚ್
Jayanagara Pump House,ಜಯನಗರ ಪುಂಪ್ ಹೌಸೆ
Jayanagara Telephone Exchange,ಜಯನಗರ ಟೆಲೆಫೊನೆ ೆಕ್ಸ್ಚಙೆ
Jayaram Das Factory,ಜಯರಂ ದಸ್ ೞಕ್ಟೊರೆ
Jeevanahalli,ಜೀವನಹಲ್ಲಿ
Jeevanahalli Cross,ಜೀವನಹಲ್ಲಿ ಕ್ರೊಸ್ಸ್
Jeevanahalli Water Tank,ಜೀವನಹಲ್ಲಿ ವಟೆರ್ ಟಂಕ್
Jeevanbheema Nagara,ಜೀವಂಭೀಮ ನಗರ
Jettipalya,ಜೆಟಿಪಲೆ
Jigani APC Circle,ಜಿಗನಿ ಪ್ಕ್ ಕಿರ್ಕ್ಲೆ
Jigani Bus Stand,ಜಿಗನಿ ಬುಸ್ ಸ್ಟಂದ್
Jigani Double Road,ಜಿಗನಿ ದೌಬ್ಲೆ ರೊದ್
Jigani KEB,ಜಿಗನಿ ಕೆಬ್
Jigani Tent,ಜಿಗನಿ ಟೆಂಟ್
Jindal,ಜಿಂದಲ್
Jinke Bachahalli Gate,ಜಿಂಕೆ ಬಚಹಲ್ಲಿ ಗಟೆ
Johnson Market,ಜೊಹ್ಂಸೊಂ ಮರ್ಕೆಟ್
Jonnahalli Gate,ಜೊಂನಹಲ್ಲಿ ಗಟೆ
Juggath Farma,ಜುಗ್ಗತ್ ೞರ್ಮ
Junglepalya Gate,ಜುಙ್ಲೆಪಲೆ ಗಟೆ
Junnasandra Gate Wipro Regional Office,ಜುಂನಸಂದ್ರ ಗಟೆ ವಿಪ್ರೊ ರೆಗಿೊನಲ್ ೊೞ್ೞಿಕೆ
Jyothi Farm,ಜೆೊತಿ ೞರ್ಂ
Jyothi Nagara,ಜೆೊತಿ ನಗರ
Jyothi Nivas College,ಜೆೊತಿ ನಿವಸ್ ಕೊಲ್ಲೆಗೆ
Jyothi School,ಜೆೊತಿ ಸ್ಚೂಲ್
Jyothipura Gate,ಜೆೊತಿಪುರ ಗಟೆ
K Narayanapura,ಕ್ ನರಯನಪುರ
K Narayanapura Cross,ಕ್ ನರಯನಪುರ ಕ್ರೊಸ್ಸ್
K Narayanapura Main Bus Stand,ಕ್ ನರಯನಪುರ ಮೈಂ ಬುಸ್ ಸ್ಟಂದ್
KBD Factory,ಕ್ಬ್ದ್ ೞಕ್ಟೊರೆ
KEB Power Hosue,ಕೆಬ್ ಪೌೆರ್ ಹೊಸುೆ
KG Halli Post Office,ಕ್ಗ್ ಹಲ್ಲಿ ಪೊಸ್ಟ್ ೊೞ್ೞಿಕೆ
KH Road,ಖ್ ರೊದ್
KHB Colony,ಖ್ಬ್ ಕೊಲೊನೆ
KIADB Hoovinayakanahalli Gate,ಕಿದ್ಬ್ ಹೂವಿನಯಕನಹಲ್ಲಿ ಗಟೆ
KIMS College,ಕಿಂಸ್ ಕೊಲ್ಲೆಗೆ
KLE Society College,ಕ್ಲೆ ಸೊಕಿೆಟೆ ಕೊಲ್ಲೆಗೆ
KLE Society College Cross,ಕ್ಲೆ ಸೊಕಿೆಟೆ ಕೊಲ್ಲೆಗೆ ಕ್ರೊಸ್ಸ್
KPCC Office,ಕ್ಪ್ಕ್ಕ್ ೊೞ್ೞಿಕೆ
KR Circle,ಕ್ರ್ ಕಿರ್ಕ್ಲೆ
KR Hospital Uttarahalli,ಕ್ರ್ ಹೊಸ್ಪಿಟಲ್ ುಟರಹಲ್ಲಿ
KR Market,ಕ್ರ್ ಮರ್ಕೆಟ್
KR Market (Kalasipalya),ಕ್ರ್ ಮರ್ಕೆಟ್ (ಕಲಸಿಪಲೆ)
KR Pura Extension,ಕ್ರ್ ಪುರ ೆಕ್ಸ್ಟೆಂಸಿೊಂ
KR Pura Market,ಕ್ರ್ ಪುರ ಮರ್ಕೆಟ್
KR Pura Railway Station,ಕ್ರ್ ಪುರ ರೈಲ್ವಯ್ ಸ್ಟಟಿೊಂ
KTPO,ಕ್ಟ್ಪೊ
Kacharakanahalli,ಕಚರಕನಹಲ್ಲಿ
Kachohalli Gate,ಕಚೊಹಲ್ಲಿ ಗಟೆ
Kada Agarahara Cross,ಕದ ಗರಹರ ಕ್ರೊಸ್ಸ್
Kadabagere,ಕದಬಗೆರೆ
Kadabagere Cross,ಕದಬಗೆರೆ ಕ್ರೊಸ್ಸ್
Kadasonnappanahalli Gate,ಕದಸೊಂನಪ್ಪನಹಲ್ಲಿ ಗಟೆ
Kadirenahalli Cross,ಕದಿರೆನಹಲ್ಲಿ ಕ್ರೊಸ್ಸ್
Kadirenahalli Village,ಕದಿರೆನಹಲ್ಲಿ ವಿಲ್ಲಗೆ
Kadugenahalli Gate,ಕದುಗೆನಹಲ್ಲಿ ಗಟೆ
Kadugodi Bridge,ಕದುಗೊದಿ ಬ್ರಿದ್ಗೆ
Kadugodi Bus Station,ಕದುಗೊದಿ ಬುಸ್ ಸ್ಟಟಿೊಂ
Kadugondanahalli Police Station,ಕದುಗೊಂದನಹಲ್ಲಿ ಪೊಲಿಕೆ ಸ್ಟಟಿೊಂ
Kadugondanahalli Railway Gate,ಕದುಗೊಂದನಹಲ್ಲಿ ರೈಲ್ವಯ್ ಗಟೆ
Kadumane Hotel,ಕದುಮನೆ ಹೊಟೆಲ್
Kaggalahalli,ಕಗ್ಗಲಹಲ್ಲಿ
Kaggalahalli Gate,ಕಗ್ಗಲಹಲ್ಲಿ ಗಟೆ
Kaggalipura,ಕಗ್ಗಲಿಪುರ
Kaikondrahalli,ಕೈಕೊಂದ್ರಹಲ್ಲಿ
Kalalughatta,ಕಲಲುಘಟ
Kalena Agrahara,ಕಲೆನ ಗ್ರಹರ
Kalikanagara Shiva Temple,ಕಲಿಕನಗರ ಶಿವ ಟೆಂಪ್ಲೆ
Kalkere,ಕಲ್ಕೆರೆ
Kalkere Cross,ಕಲ್ಕೆರೆ ಕ್ರೊಸ್ಸ್
Kalkunte Agrahara,ಕಲ್ಕುಂಟೆ ಗ್ರಹರ
Kallur,ಕಲ್ಲುರ್
Kalyana Mantapa Koramangala,ಕಲೆನ ಮಂಟಪ ಕೊರಮಙಲ
Kalyananagara,ಕಲೆನನಗರ
Kalyananagara 1st Block,ಕಲೆನನಗರ 1ಸ್ಟ್ ಬ್ಲೊಕ್ಕ್
Kalyananagara 302,ಕಲೆನನಗರ 302
Kamadhenu Kshetra,ಕಮಧೆನು ಕ್ಷೆಟ್ರ
Kamakshipalya,ಕಮಕ್ಷಿಪಲೆ
Kamakya Talkies,ಕಮಕೆ ಟಲ್ಕಿೆಸ್
Kamalanagara,ಕಮಲನಗರ
Kamalanagara BEML Layout,ಕಮಲನಗರ ಬೆಂಲ್ ಲಯೌಟ್
Kamalanagara Market,ಕಮಲನಗರ ಮರ್ಕೆಟ್
Kamalanagara Water Tank,ಕಮಲನಗರ ವಟೆರ್ ಟಂಕ್
Kambipura,ಕಂಬಿಪುರ
Kammagondanahalli Bridge,ಕಮ್ಮಗೊಂದನಹಲ್ಲಿ ಬ್ರಿದ್ಗೆ
Kammagondanahalli Rama Temple,ಕಮ್ಮಗೊಂದನಹಲ್ಲಿ ರಮ ಟೆಂಪ್ಲೆ
Kammanahalli,ಕಮ್ಮನಹಲ್ಲಿ
Kammanahalli Empire Hotel,ಕಮ್ಮನಹಲ್ಲಿ ೆಂಪಿರೆ ಹೊಟೆಲ್
Kanakashree Layout Chikka Gubbi,ಕನಕಶ್ರೀ ಲಯೌಟ್ ಚಿಕ್ಕ ಗುಬ್ಬಿ
Kanasawadi,ಕನಸವದಿ
Kanminake,ಕಂಮಿನಕೆ
Kanminake Colony,ಕಂಮಿನಕೆ ಕೊಲೊನೆ
Kannalli,ಕಂನಲ್ಲಿ
Kannamangala Gate,ಕಂನಮಙಲ ಗಟೆ
Kannuru,ಕಂನುರು
Kanshiram Nagara,ಕಂಶಿರಂ ನಗರ
Kanteerava Studio,ಕಂಟೀರವ ಸ್ಟುದಿೊ
Kanyakumari,ಕನೆಕುಮರಿ
Karekal Cross,ಕರೆಕಲ್ ಕ್ರೊಸ್ಸ್
Karpura Gate,ಕರ್ಪುರ ಗಟೆ
Katamanallur Gate,ಕಟಮನಲ್ಲುರ್ ಗಟೆ
Kathriguppe,ಕತ್ರಿಗುಪ್ಪೆ
Kattigenahalli Cross,ಕಟಿಗೆನಹಲ್ಲಿ ಕ್ರೊಸ್ಸ್
Kattu Gollahalli Gate,ಕಟು ಗೊಲ್ಲಹಲ್ಲಿ ಗಟೆ
Kaval Byrasandra,ಕವಲ್ ಬೆರಸಂದ್ರ
Kavala Hosahalli,ಕವಲ ಹೊಸಹಲ್ಲಿ
Kaveri Nagara,ಕವೆರಿ ನಗರ
Kebbedoddi Gate,ಕೆಬ್ಬೆದೊದ್ದಿ ಗಟೆ
Kempaiahnagara,ಕೆಂಪೈಹ್ನಗರ
Kempegowda Arch,ಕೆಂಪೆಗೌದ ರ್ಚ್
Kempegowda Bus Station,ಕೆಂಪೆಗೌದ ಬುಸ್ ಸ್ಟಟಿೊಂ
Kempegowda International Airport,ಕೆಂಪೆಗೌದ ಿಂಟೆರ್ನಟಿೊನಲ್ ೈರ್ಪೊರ್ಟ್
Kenchanapura,ಕೆಂಚನಪುರ
Kenchanapura Cross,ಕೆಂಚನಪುರ ಕ್ರೊಸ್ಸ್
Kendriya Vidyalaya,ಕೆಂದ್ರಿಯ ವಿಠೆಲಯ
Kendriya Vihara,ಕೆಂದ್ರಿಯ ವಿಹರ
Kengal Kempohalli,ಕೆಙಲ್ ಕೆಂಪೊಹಲ್ಲಿ
Kengeri Bus Station,ಕೆಙೆರಿ ಬುಸ್ ಸ್ಟಟಿೊಂ
Kengeri Ganesha Temple,ಕೆಙೆರಿ ಗನೆಶ ಟೆಂಪ್ಲೆ
Kengeri Police Station,ಕೆಙೆರಿ ಪೊಲಿಕೆ ಸ್ಟಟಿೊಂ
Kengeri Post Office,ಕೆಙೆರಿ ಪೊಸ್ಟ್ ೊೞ್ೞಿಕೆ
Kengeri Railway Station,ಕೆಙೆರಿ ರೈಲ್ವಯ್ ಸ್ಟಟಿೊಂ
Kengeri Satellite Town,ಕೆಙೆರಿ ಸಟೆಲ್ಲಿಟೆ ಟೌಂ
Kengunte Circle,ಕೆಙುಂಟೆ ಕಿರ್ಕ್ಲೆ
Kere Kattiganuru,ಕೆರೆ ಕಟಿಗನುರು
Kerekodi Sondekoppa,ಕೆರೆಕೊದಿ ಸೊಂದೆಕೊಪ್ಪ
Kerekodi Thyamagondlu,ಕೆರೆಕೊದಿ ತೆಮಗೊಂದ್ಲು
Kethohalli,ಕೆತೊಹಲ್ಲಿ
Kirloskar Company,ಕಿರ್ಲೊಸ್ಕರ್ ಕೊಂಪನೆ
Kirloskar Factory,ಕಿರ್ಲೊಸ್ಕರ್ ೞಕ್ಟೊರೆ
Kittaganuru,ಕಿಟಗನುರು
Kittaganuru Cross,ಕಿಟಗನುರು ಕ್ರೊಸ್ಸ್
Kodandarama Temple,ಕೊದಂದರಮ ಟೆಂಪ್ಲೆ
Kodathi Gate,ಕೊದತಿ ಗಟೆ
Kodigehalli,ಕೊದಿಗೆಹಲ್ಲಿ
Kodigehalli Gate,ಕೊದಿಗೆಹಲ್ಲಿ ಗಟೆ
Kodihalli,ಕೊದಿಹಲ್ಲಿ
Kodipalya,ಕೊದಿಪಲೆ
Kogilu,ಕೊಗಿಲು
Kogilu Cross,ಕೊಗಿಲು ಕ್ರೊಸ್ಸ್
Koli Farm,ಕೊಲಿ ೞರ್ಂ
Koli Farm Gate,ಕೊಲಿ ೞರ್ಂ ಗಟೆ
Kommaghatta Junction,ಕೊಮ್ಮಘಟ ಜುಂಕ್ಟಿೊಂ
Konanakunte,ಕೊನನಕುಂಟೆ
Konanakunte Cross,ಕೊನನಕುಂಟೆ ಕ್ರೊಸ್ಸ್
Konanakunte Cross  Metro Station,ಕೊನನಕುಂಟೆ ಕ್ರೊಸ್ಸ್  ಮೆಟ್ರೊ ಸ್ಟಟಿೊಂ
Konappana Agarhara,ಕೊನಪ್ಪನ ಗರ್ಹರ
Konappana Agarhara Flyover,ಕೊನಪ್ಪನ ಗರ್ಹರ ೞ್ಲೆೊವೆರ್
Konena Agrahara,ಕೊನೆನ ಗ್ರಹರ
Koppa Gate,ಕೊಪ್ಪ ಗಟೆ
Koraluru,ಕೊರಲುರು
Koraluru Railway Gate,ಕೊರಲುರು ರೈಲ್ವಯ್ ಗಟೆ
Koramangala 1st Block,ಕೊರಮಙಲ 1ಸ್ಟ್ ಬ್ಲೊಕ್ಕ್
Koramangala Bus Station,ಕೊರಮಙಲ ಬುಸ್ ಸ್ಟಟಿೊಂ
Koramangala Police Station,ಕೊರಮಙಲ ಪೊಲಿಕೆ ಸ್ಟಟಿೊಂ
Koramangala Water Tank,ಕೊರಮಙಲ ವಟೆರ್ ಟಂಕ್
Koshys Hospital Kalkere,ಕೊಶೆಸ್ ಹೊಸ್ಪಿಟಲ್ ಕಲ್ಕೆರೆ
Kothanuru,ಕೊತನುರು
Kothanuru Dinne Ganesha Temple,ಕೊತನುರು ದಿಂನೆ ಗನೆಶ ಟೆಂಪ್ಲೆ
Kottigepalya,ಕೊಟಿಗೆಪಲೆ
Kranthiveera Sangolli Rayanna Railway Station,ಕ್ರಂತಿವೀರ ಸಙೊಲ್ಲಿ ರಯಂನ ರೈಲ್ವಯ್ ಸ್ಟಟಿೊಂ
Krishnananda Nagara,ಕ್ರಿಶ್ನನಂದ ನಗರ
Krishnaraja Pura Govt Hospital,ಕ್ರಿಶ್ನರಜ ಪುರ ಗೊವ್ಟ್ ಹೊಸ್ಪಿಟಲ್
Krishnasagara,ಕ್ರಿಶ್ನಸಗರ
Kristu Jayanti College,ಕ್ರಿಸ್ಟು ಜಯಂಟಿ ಕೊಲ್ಲೆಗೆ
Krupanidhi College,ಕ್ರುಪನಿಧಿ ಕೊಲ್ಲೆಗೆ
Kudlu Gate,ಕುದ್ಲು ಗಟೆ
Kudlu Gate Flyover,ಕುದ್ಲು ಗಟೆ ೞ್ಲೆೊವೆರ್
Kudure Mukha Colony,ಕುದುರೆ ಮುಖ ಕೊಲೊನೆ
Kuluvanahalli Tumakur Road,ಕುಲುವನಹಲ್ಲಿ ಟುಮಕುರ್ ರೊದ್
Kumaraswamy Layout,ಕುಮರಸ್ವಮೆ ಲಯೌಟ್
Kumaraswamy Layout 2nd Stage,ಕುಮರಸ್ವಮೆ ಲಯೌಟ್ 2ಂದ್ ಸ್ಟಗೆ
Kumaraswamy Layout Police Station,ಕುಮರಸ್ವಮೆ ಲಯೌಟ್ ಪೊಲಿಕೆ ಸ್ಟಟಿೊಂ
Kumbalagodu,ಕುಂಬಲಗೊದು
Kumbaranahalli,ಕುಂಬರನಹಲ್ಲಿ
Kundalahalli,ಕುಂದಲಹಲ್ಲಿ
Kundalahalli Colony,ಕುಂದಲಹಲ್ಲಿ ಕೊಲೊನೆ
Kundalahalli Gate,ಕುಂದಲಹಲ್ಲಿ ಗಟೆ
Kundalahalli Metro Station,ಕುಂದಲಹಲ್ಲಿ ಮೆಟ್ರೊ ಸ್ಟಟಿೊಂ
Kuppareddy Kere,ಕುಪ್ಪರೆದ್ಠೆ ಕೆರೆ
Kurubarahalli,ಕುರುಬರಹಲ್ಲಿ
Kurubarakunte Cross (Narsari),ಕುರುಬರಕುಂಟೆ ಕ್ರೊಸ್ಸ್ (ನರ್ಸರಿ)
Kurubarapalya,ಕುರುಬರಪಲೆ
Kuvempu Circle,ಕುವೆಂಪು ಕಿರ್ಕ್ಲೆ
Kuvempu Circle 1,ಕುವೆಂಪು ಕಿರ್ಕ್ಲೆ 1
Kuvempunagara,ಕುವೆಂಪುನಗರ
Kuvempunagara Bus station (BTM Layout),ಕುವೆಂಪುನಗರ ಬುಸ್ ಸ್ಟಟಿೊಂ (ಬ್ಟ್ಂ ಲಯೌಟ್)
Kyalasanahalli,ಕೆಲಸನಹಲ್ಲಿ
Laggere Bridge,ಲಗ್ಗೆರೆ ಬ್ರಿದ್ಗೆ
Laggere Cross,ಲಗ್ಗೆರೆ ಕ್ರೊಸ್ಸ್
Laggere New Bus Stand,ಲಗ್ಗೆರೆ ನೆವ್ ಬುಸ್ ಸ್ಟಂದ್
Lakkasandra,ಲಕ್ಕಸಂದ್ರ
Lakkuppe,ಲಕ್ಕುಪ್ಪೆ
Lakshmi Institution,ಲಕ್ಷ್ಮಿ ಿಂಸ್ಟಿಟುಟಿೊಂ
Lakshmipura,ಲಕ್ಷ್ಮಿಪುರ
Lakshmipura Cross,ಲಕ್ಷ್ಮಿಪುರ ಕ್ರೊಸ್ಸ್
Lalbagh Hopcoms,ಲಲ್ಬಘ್ ಹೊಪ್ಕೊಂಸ್
Lalbagh Main Gate,ಲಲ್ಬಘ್ ಮೈಂ ಗಟೆ
Lalbagh West Gate (Lalbagh Metro Station),ಲಲ್ಬಘ್ ವೆಸ್ಟ್ ಗಟೆ (ಲಲ್ಬಘ್ ಮೆಟ್ರೊ ಸ್ಟಟಿೊಂ)
Lavanya Talkies,ಲವನೆ ಟಲ್ಕಿೆಸ್
Lido Talkies,ಲಿದೊ ಟಲ್ಕಿೆಸ್
Lingadeeranahalli,ಲಿಙದೀರನಹಲ್ಲಿ
Lingarajapura,ಲಿಙರಜಪುರ
Lingarajapura Bridge,ಲಿಙರಜಪುರ ಬ್ರಿದ್ಗೆ
Link Road,ಲಿಂಕ್ ರೊದ್
Loyola School,ಲೊಯೊಲ ಸ್ಚೂಲ್
Lurdubayi Samudaya Bhavana,ಲುರ್ದುಬಯಿ ಸಮುದಯ ಭವನ
MD Block,ಂದ್ ಬ್ಲೊಕ್ಕ್
MEI Colony Laggere,ಮೈ ಕೊಲೊನೆ ಲಗ್ಗೆರೆ
MEI Factory,ಮೈ ೞಕ್ಟೊರೆ
MEI Layout Arch,ಮೈ ಲಯೌಟ್ ರ್ಚ್
MGM School,ಂಗ್ಂ ಸ್ಚೂಲ್
MICO Factory Junction,ಮಿಕೊ ೞಕ್ಟೊರೆ ಜುಂಕ್ಟಿೊಂ
MICO Gate Adugodi,ಮಿಕೊ ಗಟೆ ದುಗೊದಿ
MICO Layout BTM,ಮಿಕೊ ಲಯೌಟ್ ಬ್ಟ್ಂ
MICO Layout Checkpost Gopalan mall,ಮಿಕೊ ಲಯೌಟ್ ಚೆಕ್ಕ್ಪೊಸ್ಟ್ ಗೊಪಲಂ ಮಲ್ಲ್
MM Industries,ಮ್ಮ್ ಿಂದುಸ್ಟ್ರಿೆಸ್
MR Nursing College,ಂರ್ ನುರ್ಸಿಙ್ ಕೊಲ್ಲೆಗೆ
MS Building,ಂಸ್ ಬುಿಲ್ದಿಙ್
MS Palya,ಂಸ್ ಪಲೆ
MS Ramaiah College,ಂಸ್ ರಮೈಹ್ ಕೊಲ್ಲೆಗೆ
MS Ramaiah Hospital,ಂಸ್ ರಮೈಹ್ ಹೊಸ್ಪಿಟಲ್
MV Solar Dabaspete Industrial Area,ಂವ್ ಸೊಲರ್ ದಬಸ್ಪೆಟೆ ಿಂದುಸ್ಟ್ರಿಲ್ ರೆ
MVJ College Channasandra,ಂವ್ಜ್ ಕೊಲ್ಲೆಗೆ ಚಂನಸಂದ್ರ
Machohalli Gate,ಮಚೊಹಲ್ಲಿ ಗಟೆ
Madanayakanahalli,ಮದನಯಕನಹಲ್ಲಿ
Madapatna,ಮದಪಟ್ನ
Madarasa School 1,ಮದರಸ ಸ್ಚೂಲ್ 1
Madavara,ಮದವರ
Madhavan Park,ಮಧವಂ ಪರ್ಕ್
Madhura Nagara,ಮಧುರ ನಗರ
Madhura Nagara Hostel,ಮಧುರ ನಗರ ಹೊಸ್ಟೆಲ್
Madhure Village,ಮಧುರೆ ವಿಲ್ಲಗೆ
Madivala,ಮದಿವಲ
Magadi Road Metro Station,ಮಗದಿ ರೊದ್ ಮೆಟ್ರೊ ಸ್ಟಟಿೊಂ
Magadi Road TollGate,ಮಗದಿ ರೊದ್ ಟೊಲ್ಲ್ಗಟೆ
Magadi Road Tollgate,ಮಗದಿ ರೊದ್ ಟೊಲ್ಲ್ಗಟೆ
Mahadeshwara Nagara,ಮಹದೆಶ್ವರ ನಗರ
Mahadevapura,ಮಹದೆವಪುರ
Mahalakshmi Layout,ಮಹಲಕ್ಷ್ಮಿ ಲಯೌಟ್
Mahalakshmi Layout Entrance,ಮಹಲಕ್ಷ್ಮಿ ಲಯೌಟ್ ೆಂಟ್ರಂಕೆ
Maharaja Signal,ಮಹರಜ ಸಿಗ್ನಲ್
Maharani College,ಮಹರನಿ ಕೊಲ್ಲೆಗೆ
Mahila Seva Samaja,ಮಹಿಲ ಸೆವ ಸಮಜ
Mahimapura Temple,ಮಹಿಮಪುರ ಟೆಂಪ್ಲೆ
Makali,ಮಕಲಿ
Makali Cross,ಮಕಲಿ ಕ್ರೊಸ್ಸ್
Makkala Koota,ಮಕ್ಕಲ ಕೂಟ
Malagala 1,ಮಲಗಲ 1
Mallapura,ಮಲ್ಲಪುರ
Mallasandra,ಮಲ್ಲಸಂದ್ರ
Mallathahalli Cross,ಮಲ್ಲತಹಲ್ಲಿ ಕ್ರೊಸ್ಸ್
Malleshpalya,ಮಲ್ಲೆಶ್ಪಲೆ
Malleshpalya New Bus Station(Vignananagar),ಮಲ್ಲೆಶ್ಪಲೆ ನೆವ್ ಬುಸ್ ಸ್ಟಟಿೊಂ(ವಿಗ್ನನನಗರ್)
Malleshwara 11th Cross,ಮಲ್ಲೆಶ್ವರ 11ತ್ ಕ್ರೊಸ್ಸ್
Malleshwara 13th Cross,ಮಲ್ಲೆಶ್ವರ 13ತ್ ಕ್ರೊಸ್ಸ್
Malleshwara 13th Cross  (8th Mian),ಮಲ್ಲೆಶ್ವರ 13ತ್ ಕ್ರೊಸ್ಸ್  (8ತ್ ಮಿಂ)
Malleshwara 15th Cross,ಮಲ್ಲೆಶ್ವರ 15ತ್ ಕ್ರೊಸ್ಸ್
Malleshwara 15th Cross  (8th Main),ಮಲ್ಲೆಶ್ವರ 15ತ್ ಕ್ರೊಸ್ಸ್  (8ತ್ ಮೈಂ)
Malleshwara 18th Cross,ಮಲ್ಲೆಶ್ವರ 18ತ್ ಕ್ರೊಸ್ಸ್
Malleshwara 8th Cross,ಮಲ್ಲೆಶ್ವರ 8ತ್ ಕ್ರೊಸ್ಸ್
Malleshwara 8th Cross (8th Main),ಮಲ್ಲೆಶ್ವರ 8ತ್ ಕ್ರೊಸ್ಸ್ (8ತ್ ಮೈಂ)
Malleshwara 8th Cross (Sampige Road),ಮಲ್ಲೆಶ್ವರ 8ತ್ ಕ್ರೊಸ್ಸ್ (ಸಂಪಿಗೆ ರೊದ್)
Malleshwara Circle,ಮಲ್ಲೆಶ್ವರ ಕಿರ್ಕ್ಲೆ
Malleshwara18th Cross,ಮಲ್ಲೆಶ್ವರ18ತ್ ಕ್ರೊಸ್ಸ್
Manasa Nagara,ಮನಸ ನಗರ
Manchanayakanahalli Gate,ಮಂಚನಯಕನಹಲ್ಲಿ ಗಟೆ
Manchappanahalli Cross,ಮಂಚಪ್ಪನಹಲ್ಲಿ ಕ್ರೊಸ್ಸ್
Mandur,ಮಂದುರ್
Manganahalli,ಮಙನಹಲ್ಲಿ
Manganahalli Cross,ಮಙನಹಲ್ಲಿ ಕ್ರೊಸ್ಸ್
Maniksha Parade Ground,ಮನಿಕ್ಷ ಪರದೆ ಗ್ರೌಂದ್
Manipal Centre MG Road,ಮನಿಪಲ್ ಕೆಂಟ್ರೆ ಂಗ್ ರೊದ್
Manjunatha Nagara,ಮಞುನತ ನಗರ
Manjushree Garments PSS,ಮಞುಶ್ರೀ ಗರ್ಮೆಂಟ್ಸ್ ಪ್ಸ್ಸ್
Mantapa Cross,ಮಂಟಪ ಕ್ರೊಸ್ಸ್
Mantri Layout (M L A LAYOUT),ಮಂಟ್ರಿ ಲಯೌಟ್ (ಂ ಲ್  ಲಯೌಟ್)
Manuvana,ಮನುವನ
Maralakunte,ಮರಲಕುಂಟೆ
Maramma Temple Hegganahalli,ಮರಮ್ಮ ಟೆಂಪ್ಲೆ ಹೆಗ್ಗನಹಲ್ಲಿ
Marasandra Circle,ಮರಸಂದ್ರ ಕಿರ್ಕ್ಲೆ
Marasandra Govt School,ಮರಸಂದ್ರ ಗೊವ್ಟ್ ಸ್ಚೂಲ್
Marasur Gate,ಮರಸುರ್ ಗಟೆ
Marathahalli,ಮರತಹಲ್ಲಿ
Marathahalli Bridge,ಮರತಹಲ್ಲಿ ಬ್ರಿದ್ಗೆ
Marenahalli,ಮರೆನಹಲ್ಲಿ
Marison Factory,ಮರಿಸೊಂ ೞಕ್ಟೊರೆ
Mariyappanapalya,ಮರಿಯಪ್ಪನಪಲೆ
Maruthi Badavane,ಮರುತಿ ಬದವನೆ
Maruthi Mandira,ಮರುತಿ ಮಂದಿರ
Maruthi Nagara,ಮರುತಿ ನಗರ
Maruthi School,ಮರುತಿ ಸ್ಚೂಲ್
Maruthi Sevanagara,ಮರುತಿ ಸೆವನಗರ
Maruthi Temple Kamalanagara,ಮರುತಿ ಟೆಂಪ್ಲೆ ಕಮಲನಗರ
Maruthinagara Malleshpalya,ಮರುತಿನಗರ ಮಲ್ಲೆಶ್ಪಲೆ
Mary Immaculate School,ಮರೆ ಿಮ್ಮಕುಲಟೆ ಸ್ಚೂಲ್
Mata Mallasandra,ಮಟ ಮಲ್ಲಸಂದ್ರ
Matadahalli,ಮಟದಹಲ್ಲಿ
Mathikere,ಮತಿಕೆರೆ
Mathikere Post Office,ಮತಿಕೆರೆ ಪೊಸ್ಟ್ ೊೞ್ೞಿಕೆ
Mattahalli Cross,ಮಟಹಲ್ಲಿ ಕ್ರೊಸ್ಸ್
Mayohall,ಮಯೊಹಲ್ಲ್
Medahalli,ಮೆದಹಲ್ಲಿ
Medi Mallasandra,ಮೆದಿ ಮಲ್ಲಸಂದ್ರ
Meenakshi Temple,ಮೀನಕ್ಷಿ ಟೆಂಪ್ಲೆ
Meenakunte Hosuru,ಮೀನಕುಂಟೆ ಹೊಸುರು
Mekhri Circle,ಮೆಖ್ರಿ ಕಿರ್ಕ್ಲೆ
Mestripalya,ಮೆಸ್ಟ್ರಿಪಲೆ
Metipalya,ಮೆಟಿಪಲೆ
Metro,ಮೆಟ್ರೊ
Military Accounts Office,ಮಿಲಿಟರೆ ಕ್ಕೌಂಟ್ಸ್ ೊೞ್ೞಿಕೆ
Military Dairy Farm (Esteem Mall),ಮಿಲಿಟರೆ ದೈರೆ ೞರ್ಂ (ೆಸ್ಟೀಂ ಮಲ್ಲ್)
Milk Dairy Hegganahalli,ಮಿಲ್ಕ್ ದೈರೆ ಹೆಗ್ಗನಹಲ್ಲಿ
Minerva Mill,ಮಿನೆರ್ವ ಮಿಲ್ಲ್
Minnapura,ಮಿಂನಪುರ
Modi Hospital,ಮೊದಿ ಹೊಸ್ಪಿಟಲ್
Mohankumar Nagara,ಮೊಹಂಕುಮರ್ ನಗರ
Monotype Corporation,ಮೊನೊಟೆಪೆ ಕೊರ್ಪೊರಟಿೊಂ
Moodalapalya,ಮೂದಲಪಲೆ
Mosque Road,ಮೊಸ್qುೆ ರೊದ್
Mother Dairy Cross Yelahanka,ಮೊತೆರ್ ದೈರೆ ಕ್ರೊಸ್ಸ್ ಯೆಲಹಂಕ
Mount Carmel College,ಮೌಂಟ್ ಕರ್ಮೆಲ್ ಕೊಲ್ಲೆಗೆ
Muddayanapalya Junction,ಮುದ್ದಯನಪಲೆ ಜುಂಕ್ಟಿೊಂ
Muddinapalya,ಮುದ್ದಿನಪಲೆ
Muddinapalya Junction,ಮುದ್ದಿನಪಲೆ ಜುಂಕ್ಟಿೊಂ
Muncipal Office Vijayapura,ಮುಂಕಿಪಲ್ ೊೞ್ೞಿಕೆ ವಿಜಯಪುರ
Muneshwara Block,ಮುನೆಶ್ವರ ಬ್ಲೊಕ್ಕ್
Muneshwara Devasthana,ಮುನೆಶ್ವರ ದೆವಸ್ತನ
Muneshwara Layout,ಮುನೆಶ್ವರ ಲಯೌಟ್
Muneshwara Nagara,ಮುನೆಶ್ವರ ನಗರ
Munireddy Palya J C Nagara,ಮುನಿರೆದ್ಠೆ ಪಲೆ ಜ್ ಕ್ ನಗರ
Munish Singh Hospital,ಮುನಿಶ್ ಸಿಙ್ಹ್ ಹೊಸ್ಪಿಟಲ್
Munnekolalu Cross (Spice Garden),ಮುಂನೆಕೊಲಲು ಕ್ರೊಸ್ಸ್ (ಸ್ಪಿಕೆ ಗರ್ದೆಂ)
Murugeshpalya,ಮುರುಗೆಶ್ಪಲೆ
Muslim Colony,ಮುಸ್ಲಿಂ ಕೊಲೊನೆ
Muthsandra,ಮುತ್ಸಂದ್ರ
Muthyalamadu Cross,ಮುತೆಲಮದು ಕ್ರೊಸ್ಸ್
Muttanalluru Cross,ಮುಟನಲ್ಲುರು ಕ್ರೊಸ್ಸ್
Mutturayanaswamy Temple,ಮುಟುರಯನಸ್ವಮೆ ಟೆಂಪ್ಲೆ
Mutturu,ಮುಟುರು
Mylanahalli,ಮೆಲನಹಲ್ಲಿ
Mylasandra Cross,ಮೆಲಸಂದ್ರ ಕ್ರೊಸ್ಸ್
Mysore Bank,ಮೆಸೊರೆ ಬಂಕ್
Mysore Lamp,ಮೆಸೊರೆ ಲಂಪ್
Mysore Road Bus Station,ಮೆಸೊರೆ ರೊದ್ ಬುಸ್ ಸ್ಟಟಿೊಂ
Mysore Road Metro Station,ಮೆಸೊರೆ ರೊದ್ ಮೆಟ್ರೊ ಸ್ಟಟಿೊಂ
Mysore Road TollGate,ಮೆಸೊರೆ ರೊದ್ ಟೊಲ್ಲ್ಗಟೆ
NAL/Manipal Hospital,ನಲ್/ಮನಿಪಲ್ ಹೊಸ್ಪಿಟಲ್
NES Office,ನೆಸ್ ೊೞ್ೞಿಕೆ
NGEF,ಙೆೞ್
NGEF Layout Nagarabhavi,ಙೆೞ್ ಲಯೌಟ್ ನಗರಭವಿ
NICE Road,ನಿಕೆ ರೊದ್
NICE Road Kengeri Road Junction,ನಿಕೆ ರೊದ್ ಕೆಙೆರಿ ರೊದ್ ಜುಂಕ್ಟಿೊಂ
NIFT College,ನಿೞ್ಟ್ ಕೊಲ್ಲೆಗೆ
NR Colony,ಂರ್ ಕೊಲೊನೆ
NTTF Peenya,ಂಟ್ೞ್ ಪೀನೆ
Naduvatti,ನದುವಟಿ
Nagaland Circle,ನಗಲಂದ್ ಕಿರ್ಕ್ಲೆ
Naganayakanahalli,ನಗನಯಕನಹಲ್ಲಿ
Nagarabhavi Circle,ನಗರಭವಿ ಕಿರ್ಕ್ಲೆ
Nagarabhavi Vishweshwaraiah Sports Club,ನಗರಭವಿ ವಿಶ್ವೆಶ್ವರೈಹ್ ಸ್ಪೊರ್ಟ್ಸ್ ಕ್ಲುಬ್
Nagarahole Nagara,ನಗರಹೊಲೆ ನಗರ
Nagaraholenagara Cross,ನಗರಹೊಲೆನಗರ ಕ್ರೊಸ್ಸ್
Nagaruru Cross,ನಗರುರು ಕ್ರೊಸ್ಸ್
Nagasandra Metro Station,ನಗಸಂದ್ರ ಮೆಟ್ರೊ ಸ್ಟಟಿೊಂ
Nagashetty halli,ನಗಶೆಟೆ ಹಲ್ಲಿ
Nagavara,ನಗವರ
Nagavara Junction Petrol Bunk,ನಗವರ ಜುಂಕ್ಟಿೊಂ ಪೆಟ್ರೊಲ್ ಬುಂಕ್
Nagawara Junction,ನಗವರ ಜುಂಕ್ಟಿೊಂ
Nagenahalli,ನಗೆನಹಲ್ಲಿ
Nagenahalli Gate,ನಗೆನಹಲ್ಲಿ ಗಟೆ
Nagendra Block,ನಗೆಂದ್ರ ಬ್ಲೊಕ್ಕ್
Nallapanahalli Gate,ನಲ್ಲಪನಹಲ್ಲಿ ಗಟೆ
Nallur,ನಲ್ಲುರ್
Nallur Cross,ನಲ್ಲುರ್ ಕ್ರೊಸ್ಸ್
Nanda Talkies,ನಂದ ಟಲ್ಕಿೆಸ್
Nandhini Layout,ನಂಧಿನಿ ಲಯೌಟ್
Nandi Garden Kothanur,ನಂದಿ ಗರ್ದೆಂ ಕೊತನುರ್
Nandini Hotel JP Nagara,ನಂದಿನಿ ಹೊಟೆಲ್ ಜ್ಪ್ ನಗರ
Nandini Layout Bus Stand,ನಂದಿನಿ ಲಯೌಟ್ ಬುಸ್ ಸ್ಟಂದ್
Nandini Layout Police Station,ನಂದಿನಿ ಲಯೌಟ್ ಪೊಲಿಕೆ ಸ್ಟಟಿೊಂ
Nandini Layout Ring Road,ನಂದಿನಿ ಲಯೌಟ್ ರಿಙ್ ರೊದ್
Nanjappa Circle,ನಞಪ್ಪ ಕಿರ್ಕ್ಲೆ
Nanjundeshwara Stores,ನಞುಂದೆಶ್ವರ ಸ್ಟೊರೆಸ್
Narasapura (H D Devegowda Circle),ನರಸಪುರ (ಹ್ ದ್ ದೆವೆಗೌದ ಕಿರ್ಕ್ಲೆ)
National College,ನಟಿೊನಲ್ ಕೊಲ್ಲೆಗೆ
National college,ನಟಿೊನಲ್ ಕೊಲ್ಲೆಗೆ
Navarang Bar,ನವರಙ್ ಬರ್
Navarang Theatre,ನವರಙ್ ತೆಟ್ರೆ
Navayuga Toll,ನವಯುಗ ಟೊಲ್ಲ್
Navodaya Nagara,ನವೊದಯ ನಗರ
Navodaya School Bagalur,ನವೊದಯ ಸ್ಚೂಲ್ ಬಗಲುರ್
Navodaya School Doddaballapura,ನವೊದಯ ಸ್ಚೂಲ್ ದೊದ್ದಬಲ್ಲಪುರ
Nayanahalli Cross,ನಯನಹಲ್ಲಿ ಕ್ರೊಸ್ಸ್
Nayandahalli,ನಯಂದಹಲ್ಲಿ
Nayara Petrol Pump Lakshmi Layout,ನಯರ ಪೆಟ್ರೊಲ್ ಪುಂಪ್ ಲಕ್ಷ್ಮಿ ಲಯೌಟ್
Neelagiri Thopu,ನೀಲಗಿರಿ ತೊಪು
Neelasandra Bus Stand,ನೀಲಸಂದ್ರ ಬುಸ್ ಸ್ಟಂದ್
Nelagulli Cross,ನೆಲಗುಲ್ಲಿ ಕ್ರೊಸ್ಸ್
Nelamangala Bus Station,ನೆಲಮಙಲ ಬುಸ್ ಸ್ಟಟಿೊಂ
Nelamangala Hunasemara,ನೆಲಮಙಲ ಹುನಸೆಮರ
Nelamangala Jass Toll,ನೆಲಮಙಲ ಜಸ್ಸ್ ಟೊಲ್ಲ್
Neraluru Gate,ನೆರಲುರು ಗಟೆ
Nettakallappa Circle,ನೆಟಕಲ್ಲಪ್ಪ ಕಿರ್ಕ್ಲೆ
Nettigere Cross,ನೆಟಿಗೆರೆ ಕ್ರೊಸ್ಸ್
New Baldwin International School,ನೆವ್ ಬಲ್ದ್ವಿಂ ಿಂಟೆರ್ನಟಿೊನಲ್ ಸ್ಚೂಲ್
New Baldwin School,ನೆವ್ ಬಲ್ದ್ವಿಂ ಸ್ಚೂಲ್
New Gabbadi,ನೆವ್ ಗಬ್ಬದಿ
New Guddadahalli,ನೆವ್ ಗುದ್ದದಹಲ್ಲಿ
Nimhans Hospital,ನಿಂಹಂಸ್ ಹೊಸ್ಪಿಟಲ್
Nimishamba Temple,ನಿಮಿಶಂಬ ಟೆಂಪ್ಲೆ
Nirmala Store,ನಿರ್ಮಲ ಸ್ಟೊರೆ
Nisarga Layout,ನಿಸರ್ಗ ಲಯೌಟ್
Nobo Nagara,ನೊಬೊ ನಗರ
Noor Nagara,ನೂರ್ ನಗರ
North Road,ನೊರ್ತ್ ರೊದ್
Nursery Nelamangala,ನುರ್ಸೆರೆ ನೆಲಮಙಲ
Obalapura Gate,ಒಬಲಪುರ ಗಟೆ
Oil Mill Road Junction,ಒಿಲ್ ಮಿಲ್ಲ್ ರೊದ್ ಜುಂಕ್ಟಿೊಂ
Okalipura,ಒಕಲಿಪುರ
P and T Quarters,ಪ್ ಂದ್ ಟ್ qುರ್ಟೆರ್ಸ್
PVP School,ಪ್ವ್ಪ್ ಸ್ಚೂಲ್
Padmanabha Nagara,ಪದ್ಮನಭ ನಗರ
Palace Ground,ಪಲಕೆ ಗ್ರೌಂದ್
Palanahalli Gate,ಪಲನಹಲ್ಲಿ ಗಟೆ
Palya Gate,ಪಲೆ ಗಟೆ
Pankaj Dairy,ಪಂಕಜ್ ದೈರೆ
Papareddypalya,ಪಪರೆದ್ಠೆಪಲೆ
Parangipalya Cross,ಪರಙಿಪಲೆ ಕ್ರೊಸ್ಸ್
Parvathi Nagara,ಪರ್ವತಿ ನಗರ
Patel Public School Kalyananagara,ಪಟೆಲ್ ಪುಬ್ಲಿಕ್ ಸ್ಚೂಲ್ ಕಲೆನನಗರ
Pattanagere Jayanna Circle,ಪಟನಗೆರೆ ಜಯಂನ ಕಿರ್ಕ್ಲೆ
Pattandur Agrahara Gate,ಪಟಂದುರ್ ಗ್ರಹರ ಗಟೆ
Pattareddypalya,ಪಟರೆದ್ಠೆಪಲೆ
Pattegarpalya Circle,ಪಟೆಗರ್ಪಲೆ ಕಿರ್ಕ್ಲೆ
Peddanapalya Cross,ಪೆದ್ದನಪಲೆ ಕ್ರೊಸ್ಸ್
Peenya 14th Cross,ಪೀನೆ 14ತ್ ಕ್ರೊಸ್ಸ್
Peenya 14th cross,ಪೀನೆ 14ತ್ ಕ್ರೊಸ್ಸ್
Peenya 2nd Stage,ಪೀನೆ 2ಂದ್ ಸ್ಟಗೆ
Peenya 2nd stage,ಪೀನೆ 2ಂದ್ ಸ್ಟಗೆ
Peenya Industry Metro Station,ಪೀನೆ ಿಂದುಸ್ಟ್ರೆ ಮೆಟ್ರೊ ಸ್ಟಟಿೊಂ
Peenya Metro Station,ಪೀನೆ ಮೆಟ್ರೊ ಸ್ಟಟಿೊಂ
Pepsi Factory,ಪೆಪ್ಸಿ ೞಕ್ಟೊರೆ
Pepsi Gate,ಪೆಪ್ಸಿ ಗಟೆ
Periyar Nagara Circle,ಪೆರಿಯರ್ ನಗರ ಕಿರ್ಕ್ಲೆ
Philips Millenium Halasuru,ಫಿಲಿಪ್ಸ್ ಮಿಲ್ಲೆನಿುಂ ಹಲಸುರು
Philomenas Hospital,ಫಿಲೊಮೆನಸ್ ಹೊಸ್ಪಿಟಲ್
Pillahalli Cross,ಪಿಲ್ಲಹಲ್ಲಿ ಕ್ರೊಸ್ಸ್
Pipe Line Park,ಪಿಪೆ ಲಿನೆ ಪರ್ಕ್
Pipeline Binni Layout,ಪಿಪೆಲಿನೆ ಬಿಂನಿ ಲಯೌಟ್
Pipeline ISRO Layout,ಪಿಪೆಲಿನೆ ಿಸ್ರೊ ಲಯೌಟ್
Pipeline Vasanthapura,ಪಿಪೆಲಿನೆ ವಸಂತಪುರ
Poornaprajna School,ಪೂರ್ನಪ್ರಜ್ನ ಸ್ಚೂಲ್
Poornaprajnalayout NEW Bus Stand,ಪೂರ್ನಪ್ರಜ್ನಲಯೌಟ್ ನೆವ್ ಬುಸ್ ಸ್ಟಂದ್
Postal and Telecom Colony,ಪೊಸ್ಟಲ್ ಂದ್ ಟೆಲೆಕೊಂ ಕೊಲೊನೆ
Prabasnagara,ಪ್ರಬಸ್ನಗರ
Prarthana School,ಪ್ರರ್ತನ ಸ್ಚೂಲ್
Prasanna Layout,ಪ್ರಸಂನ ಲಯೌಟ್
Prasanna Theatre,ಪ್ರಸಂನ ತೆಟ್ರೆ
Prashanth Nagara,ಪ್ರಶಂತ್ ನಗರ
Premium Farm Mandur,ಪ್ರೆಮಿುಂ ೞರ್ಂ ಮಂದುರ್
Press Layout,ಪ್ರೆಸ್ಸ್ ಲಯೌಟ್
Prestige Shantiniketana /Manipal Hospital,ಪ್ರೆಸ್ಟಿಗೆ ಶಂಟಿನಿಕೆಟನ /ಮನಿಪಲ್ ಹೊಸ್ಪಿಟಲ್
Priyadarshini Layout,ಪ್ರಿಯದರ್ಶಿನಿ ಲಯೌಟ್
Purvankara Northern Destiny Bellahalli,ಪುರ್ವಂಕರ ನೊರ್ತೆರ್ಂ ದೆಸ್ಟಿನೆ ಬೆಲ್ಲಹಲ್ಲಿ
Puttenahalli,ಪುಟೆನಹಲ್ಲಿ
R T Nagara Post Office,ರ್ ಟ್ ನಗರ ಪೊಸ್ಟ್ ೊೞ್ೞಿಕೆ
R V Dental College,ರ್ ವ್ ದೆಂಟಲ್ ಕೊಲ್ಲೆಗೆ
R V Teachers College,ರ್ ವ್ ಟೆಚೆರ್ಸ್ ಕೊಲ್ಲೆಗೆ
RBI Layout,ರ್ಬಿ ಲಯೌಟ್
RINAC Factory Marenahalli,ರಿನಕ್ ೞಕ್ಟೊರೆ ಮರೆನಹಲ್ಲಿ
RK Farm,ರ್ಕ್ ೞರ್ಂ
RK Hegde Nagara,ರ್ಕ್ ಹೆಗ್ದೆ ನಗರ
RM Guttahalli,ರ್ಂ ಗುಟಹಲ್ಲಿ
RMC Yard (Yeshawanthapura New Railway Station),ರ್ಂಕ್ ಯರ್ದ್ (ಯೆಶವಂತಪುರ ನೆವ್ ರೈಲ್ವಯ್ ಸ್ಟಟಿೊಂ)
RMS Sanjayanagara,ರ್ಂಸ್ ಸಞಯನಗರ
RMV 2nd Stage,ರ್ಂವ್ 2ಂದ್ ಸ್ಟಗೆ
RR Medical College,ರ್ರ್ ಮೆದಿಕಲ್ ಕೊಲ್ಲೆಗೆ
RR Nagara Petrol Bunk,ರ್ರ್ ನಗರ ಪೆಟ್ರೊಲ್ ಬುಂಕ್
RR School,ರ್ರ್ ಸ್ಚೂಲ್
RR Temple,ರ್ರ್ ಟೆಂಪ್ಲೆ
RT Nagara Police Station,ರ್ಟ್ ನಗರ ಪೊಲಿಕೆ ಸ್ಟಟಿೊಂ
RTO Office Vishweshwaraiah Layout,ರ್ಟೊ ೊೞ್ೞಿಕೆ ವಿಶ್ವೆಶ್ವರೈಹ್ ಲಯೌಟ್
RV College,ರ್ವ್ ಕೊಲ್ಲೆಗೆ
Rachenahalli,ರಚೆನಹಲ್ಲಿ
Radhareddy Layout,ರಧರೆದ್ಠೆ ಲಯೌಟ್
Raghavendra Circle,ರಘವೆಂದ್ರ ಕಿರ್ಕ್ಲೆ
Raghavendra Layout,ರಘವೆಂದ್ರ ಲಯೌಟ್
Raghuvanahalli Cross,ರಘುವನಹಲ್ಲಿ ಕ್ರೊಸ್ಸ್
Ragihalli Gate,ರಗಿಹಲ್ಲಿ ಗಟೆ
Rahamathnagara,ರಹಮತ್ನಗರ
Railway Gate Bashettihalli,ರೈಲ್ವಯ್ ಗಟೆ ಬಶೆಟಿಹಲ್ಲಿ
Railway Gate Kodigehalli,ರೈಲ್ವಯ್ ಗಟೆ ಕೊದಿಗೆಹಲ್ಲಿ
Railway Gate Lakshmisagara,ರೈಲ್ವಯ್ ಗಟೆ ಲಕ್ಷ್ಮಿಸಗರ
Raitarasanthe Yelahanka,ರೈಟರಸಂತೆ ಯೆಲಹಂಕ
Raj Bhavan,ರಜ್ ಭವಂ
Rajagopala Nagara Police Station,ರಜಗೊಪಲ ನಗರ ಪೊಲಿಕೆ ಸ್ಟಟಿೊಂ
Rajagopalanagara,ರಜಗೊಪಲನಗರ
Rajajinagara 2nd Block,ರಜಜಿನಗರ 2ಂದ್ ಬ್ಲೊಕ್ಕ್
Rajajinagara Entrance,ರಜಜಿನಗರ ೆಂಟ್ರಂಕೆ
Rajajinagara Old Police Station,ರಜಜಿನಗರ ೊಲ್ದ್ ಪೊಲಿಕೆ ಸ್ಟಟಿೊಂ
Rajanukunte,ರಜನುಕುಂಟೆ
Rajapalya,ರಜಪಲೆ
Rajarajeshwari nagara Gate,ರಜರಜೆಶ್ವರಿ ನಗರ ಗಟೆ
Rajarajeshwari nagara Metro Station,ರಜರಜೆಶ್ವರಿ ನಗರ ಮೆಟ್ರೊ ಸ್ಟಟಿೊಂ
Rajiv Nagara,ರಜಿವ್ ನಗರ
Rajkumar Punya Bhoomi,ರಜ್ಕುಮರ್ ಪುನೆ ಭೂಮಿ
Ramagondanahalli,ರಮಗೊಂದನಹಲ್ಲಿ
Ramakrishna Ashrama,ರಮಕ್ರಿಶ್ನ ಶ್ರಮ
Ramakrishna Nagara,ರಮಕ್ರಿಶ್ನ ನಗರ
Ramakrishnapura Gate,ರಮಕ್ರಿಶ್ನಪುರ ಗಟೆ
Ramamurthy Nagara Alada Mara,ರಮಮುರ್ತೆ ನಗರ ಲದ ಮರ
Ramamurthy Nagara Church,ರಮಮುರ್ತೆ ನಗರ ಚುರ್ಚ್
Ramamurthy Nagara Manipal,ರಮಮುರ್ತೆ ನಗರ ಮನಿಪಲ್
Ramamurthy Nagara Police Station,ರಮಮುರ್ತೆ ನಗರ ಪೊಲಿಕೆ ಸ್ಟಟಿೊಂ
Ramanjaneya Temple Nandhini Layout,ರಮಞನೆಯ ಟೆಂಪ್ಲೆ ನಂಧಿನಿ ಲಯೌಟ್
Ramaswamypalya,ರಮಸ್ವಮೆಪಲೆ
Ramesh Nagara Cross,ರಮೆಶ್ ನಗರ ಕ್ರೊಸ್ಸ್
Rameshnagara,ರಮೆಶ್ನಗರ
Ramkrishana Layout,ರಂಕ್ರಿಶನ ಲಯೌಟ್
Ramohalli,ರಮೊಹಲ್ಲಿ
Ramohalli Cross,ರಮೊಹಲ್ಲಿ ಕ್ರೊಸ್ಸ್
Rani Saraladevi High School,ರನಿ ಸರಲದೆವಿ ಹಿಘ್ ಸ್ಚೂಲ್
Ravagodlu Gate,ರವಗೊದ್ಲು ಗಟೆ
Ravuthanahalli Cross,ರವುತನಹಲ್ಲಿ ಕ್ರೊಸ್ಸ್
Rayan Circle,ರಯಂ ಕಿರ್ಕ್ಲೆ
Rayan International School,ರಯಂ ಿಂಟೆರ್ನಟಿೊನಲ್ ಸ್ಚೂಲ್
Reva College Gate,ರೆವ ಕೊಲ್ಲೆಗೆ ಗಟೆ
Richmond Circle,ರಿಚ್ಮೊಂದ್ ಕಿರ್ಕ್ಲೆ
Rolling Mill,ರೊಲ್ಲಿಙ್ ಮಿಲ್ಲ್
Roopena Agrahara,ರೂಪೆನ ಗ್ರಹರ
Roopena Agrahara FLY,ರೂಪೆನ ಗ್ರಹರ ೞ್ಲೆ
Roopena Agrahara Toll,ರೂಪೆನ ಗ್ರಹರ ಟೊಲ್ಲ್
Royal Meenakshi Mall BG Road,ರೊಯಲ್ ಮೀನಕ್ಷಿ ಮಲ್ಲ್ ಬ್ಗ್ ರೊದ್
S R S Mathikere,ಸ್ ರ್ ಸ್ ಮತಿಕೆರೆ
SAP Labs,ಸಪ್ ಲಬ್ಸ್
SBI Bank,ಸ್ಬಿ ಬಂಕ್
SBM Gayathri Nagara,ಸ್ಬ್ಂ ಗಯತ್ರಿ ನಗರ
SFS High School Hebbagodi,ಸ್ೞ್ಸ್ ಹಿಘ್ ಸ್ಚೂಲ್ ಹೆಬ್ಬಗೊದಿ
SJES College,ಸ್ಜೆಸ್ ಕೊಲ್ಲೆಗೆ
SKF Factory,ಸ್ಕ್ೞ್ ೞಕ್ಟೊರೆ
SLV Bakery,ಸ್ಲ್ವ್ ಬಕೆರೆ
SMVIT Cross,ಸ್ಂವಿಟ್ ಕ್ರೊಸ್ಸ್
SRS Peenya,ಸ್ರ್ಸ್ ಪೀನೆ
SSVB Bakery Kanteerava Studio,ಸ್ಸ್ವ್ಬ್ ಬಕೆರೆ ಕಂಟೀರವ ಸ್ಟುದಿೊ
Saalu Doddy,ಸಾಲು ದೊದ್ಠೆ
Sadahalli Gate,ಸದಹಲ್ಲಿ ಗಟೆ
Sadashivanagara,ಸದಶಿವನಗರ
Sadashivanagara Police Station,ಸದಶಿವನಗರ ಪೊಲಿಕೆ ಸ್ಟಟಿೊಂ
Sadhanapalya Gate,ಸಧನಪಲೆ ಗಟೆ
Sai Baba General Hospital,ಸೈ ಬಬ ಗೆನೆರಲ್ ಹೊಸ್ಪಿಟಲ್
Saluhunase,ಸಲುಹುನಸೆ
Sambhram College,ಸಂಭ್ರಂ ಕೊಲ್ಲೆಗೆ
Samethanahalli,ಸಮೆತನಹಲ್ಲಿ
Sampangiram Nagara,ಸಂಪಙಿರಂ ನಗರ
Sampigehalli Bannerughatta,ಸಂಪಿಗೆಹಲ್ಲಿ ಬಂನೆರುಘಟ
Sangam Circle,ಸಙಂ ಕಿರ್ಕ್ಲೆ
Sanjay Gandhi Hospital,ಸಞಯ್ ಗಂಧಿ ಹೊಸ್ಪಿಟಲ್
Sanjayanagara,ಸಞಯನಗರ
SanjeeviniNagara,ಸಞೀವಿನಿನಗರ
Sanna Amanikere,ಸಂನ ಮನಿಕೆರೆ
Santekatte,ಸಂಟೆಕಟೆ
Sapthagiri College,ಸಪ್ತಗಿರಿ ಕೊಲ್ಲೆಗೆ
Sapthagiri Convention Hall,ಸಪ್ತಗಿರಿ ಕೊಂವೆಂಟಿೊಂ ಹಲ್ಲ್
Sapthagiri Hospital,ಸಪ್ತಗಿರಿ ಹೊಸ್ಪಿಟಲ್
Sapthagiri Layout,ಸಪ್ತಗಿರಿ ಲಯೌಟ್
Sarakki,ಸರಕ್ಕಿ
Sarala Birla Academy,ಸರಲ ಬಿರ್ಲ ಕದೆಮೆ
Saraswathi Nagara,ಸರಸ್ವತಿ ನಗರ
Saraswathipuram,ಸರಸ್ವತಿಪುರಂ
Sarayipalya,ಸರಯಿಪಲೆ
Sarjapura,ಸರ್ಜಪುರ
Sarjapura Circle,ಸರ್ಜಪುರ ಕಿರ್ಕ್ಲೆ
Sarjapura Wipro Campus,ಸರ್ಜಪುರ ವಿಪ್ರೊ ಕಂಪುಸ್
Sathanur,ಸತನುರ್
Sathanur Colony,ಸತನುರ್ ಕೊಲೊನೆ
Sathya Sai Hospital,ಸತೆ ಸೈ ಹೊಸ್ಪಿಟಲ್
Seegehalli,ಸೀಗೆಹಲ್ಲಿ
Seegehalli Gate,ಸೀಗೆಹಲ್ಲಿ ಗಟೆ
Seetha Circle,ಸೀತ ಕಿರ್ಕ್ಲೆ
Seventh Day School (Coles Park),ಸೆವೆಂತ್ ದಯ್ ಸ್ಚೂಲ್ (ಕೊಲೆಸ್ ಪರ್ಕ್)
Shaneshwaraswamy Temple Sheshagirihalli,ಶನೆಶ್ವರಸ್ವಮೆ ಟೆಂಪ್ಲೆ ಶೆಶಗಿರಿಹಲ್ಲಿ
Shanimahathma Temple,ಶನಿಮಹತ್ಮ ಟೆಂಪ್ಲೆ
Shankar Mutt,ಶಂಕರ್ ಮುಟ್
Shankara Nagara,ಶಂಕರ ನಗರ
Shankarnagh Bus Stand,ಶಂಕರ್ನಘ್ ಬುಸ್ ಸ್ಟಂದ್
Shankarnagh Circle,ಶಂಕರ್ನಘ್ ಕಿರ್ಕ್ಲೆ
Shanthinagara Bus Station,ಶಂತಿನಗರ ಬುಸ್ ಸ್ಟಟಿೊಂ
Shanubhoganahalli,ಶನುಭೊಗನಹಲ್ಲಿ
Sharada Colony,ಶರದ ಕೊಲೊನೆ
Sharavathi Hotel,ಶರವತಿ ಹೊಟೆಲ್
Shastri Bakery,ಶಸ್ಟ್ರಿ ಬಕೆರೆ
Sheshadripuram College,ಶೆಶದ್ರಿಪುರಂ ಕೊಲ್ಲೆಗೆ
Sheshagirihalli,ಶೆಶಗಿರಿಹಲ್ಲಿ
Shettyhalli Cross,ಶೆಟೆಹಲ್ಲಿ ಕ್ರೊಸ್ಸ್
Shiva Ittige Factory,ಶಿವ ಿಟಿಗೆ ೞಕ್ಟೊರೆ
Shivagiri Choultry Vijyapura,ಶಿವಗಿರಿ ಚೌಲ್ಟ್ರೆ ವಿಜೆಪುರ
Shivaji Hotel,ಶಿವಜಿ ಹೊಟೆಲ್
Shivajinagara Bus Station,ಶಿವಜಿನಗರ ಬುಸ್ ಸ್ಟಟಿೊಂ
Shivananda Store,ಶಿವನಂದ ಸ್ಟೊರೆ
Shobha Tulip JP Nagara,ಶೊಭ ಟುಲಿಪ್ ಜ್ಪ್ ನಗರ
Shoolay Circle Brigade Road,ಶೂಲಯ್ ಕಿರ್ಕ್ಲೆ ಬ್ರಿಗದೆ ರೊದ್
Shopping Complex HMT,ಶೊಪ್ಪಿಙ್ ಕೊಂಪ್ಲೆಕ್ಸ್ ಹ್ಂಟ್
Shri Vidhyanagara,ಶ್ರಿ ವಿಥೆನಗರ
Shrinivasa Temple,ಶ್ರಿನಿವಸ ಟೆಂಪ್ಲೆ
Shrusti School Yelahanka,ಶ್ರುಸ್ಟಿ ಸ್ಚೂಲ್ ಯೆಲಹಂಕ
Siddanayakanahalli,ಸಿದ್ದನಯಕನಹಲ್ಲಿ
Siddapura,ಸಿದ್ದಪುರ
Silk Institute Metro Station,ಸಿಲ್ಕ್ ಿಂಸ್ಟಿಟುಟೆ ಮೆಟ್ರೊ ಸ್ಟಟಿೊಂ
Sindhi Colony,ಸಿಂಧಿ ಕೊಲೊನೆ
Singaianapalya Phoenix,ಸಿಙೈನಪಲೆ ಫೊೆನಿಕ್ಸ್
Singanayakanahalli Gate,ಸಿಙನಯಕನಹಲ್ಲಿ ಗಟೆ
Singapura,ಸಿಙಪುರ
Singapura LT,ಸಿಙಪುರ ಲ್ಟ್
Singarapura,ಸಿಙರಪುರ
Singasandra,ಸಿಙಸಂದ್ರ
Singasandra FLY,ಸಿಙಸಂದ್ರ ೞ್ಲೆ
Sir M Vishweshwaraiah Layout 9th Blk Mallathahalli,ಸಿರ್ ಂ ವಿಶ್ವೆಶ್ವರೈಹ್ ಲಯೌಟ್ 9ತ್ ಬ್ಲ್ಕ್ ಮಲ್ಲತಹಲ್ಲಿ
Sir M Vishweshwaraiah Railway Station,ಸಿರ್ ಂ ವಿಶ್ವೆಶ್ವರೈಹ್ ರೈಲ್ವಯ್ ಸ್ಟಟಿೊಂ
Sirsi Circle,ಸಿರ್ಸಿ ಕಿರ್ಕ್ಲೆ
Soladevanahalli Police Station,ಸೊಲದೆವನಹಲ್ಲಿ ಪೊಲಿಕೆ ಸ್ಟಟಿೊಂ
Somanahalli Gate,ಸೊಮನಹಲ್ಲಿ ಗಟೆ
Somanahalli Toll,ಸೊಮನಹಲ್ಲಿ ಟೊಲ್ಲ್
Somathanahalli Gate,ಸೊಮತನಹಲ್ಲಿ ಗಟೆ
Sompura Gate,ಸೊಂಪುರ ಗಟೆ
Sompura Tumakur Road,ಸೊಂಪುರ ಟುಮಕುರ್ ರೊದ್
Sonal Garments Laggere Cross,ಸೊನಲ್ ಗರ್ಮೆಂಟ್ಸ್ ಲಗ್ಗೆರೆ ಕ್ರೊಸ್ಸ್
Sondekoppa,ಸೊಂದೆಕೊಪ್ಪ
Sonnenahalli,ಸೊಂನೆನಹಲ್ಲಿ
Sonnenahalli Bridge,ಸೊಂನೆನಹಲ್ಲಿ ಬ್ರಿದ್ಗೆ
Sony World 100ft Road  Koramangala,ಸೊನೆ ವೊರ್ಲ್ದ್ 100ೞ್ಟ್ ರೊದ್  ಕೊರಮಙಲ
Sony World 80ft Road Koramangala,ಸೊನೆ ವೊರ್ಲ್ದ್ 80ೞ್ಟ್ ರೊದ್ ಕೊರಮಙಲ
Sophiya School,ಸೊಫಿಯ ಸ್ಚೂಲ್
Sorahunse Gate,ಸೊರಹುಂಸೆ ಗಟೆ
Soukya Hospital Junction,ಸೌಕೆ ಹೊಸ್ಪಿಟಲ್ ಜುಂಕ್ಟಿೊಂ
South End Circle,ಸೌತ್ ೆಂದ್ ಕಿರ್ಕ್ಲೆ
Sowdamini Kalyana Mantapa,ಸೌದಮಿನಿ ಕಲೆನ ಮಂಟಪ
Spriling School,ಸ್ಪ್ರಿಲಿಙ್ ಸ್ಚೂಲ್
Sri Kamadhenu Kshetra,ಸ್ರಿ ಕಮಧೆನು ಕ್ಷೆಟ್ರ
Sri Ramanahalli,ಸ್ರಿ ರಮನಹಲ್ಲಿ
Srigandhada Kaval,ಸ್ರಿಗಂಧದ ಕವಲ್
Srikanteshwara Park,ಸ್ರಿಕಂಟೆಶ್ವರ ಪರ್ಕ್
Srinagara,ಸ್ರಿನಗರ
Srinivasa Kalyana Mantapa,ಸ್ರಿನಿವಸ ಕಲೆನ ಮಂಟಪ
Srinivasa Nagara,ಸ್ರಿನಿವಸ ನಗರ
Srinivasa Nagara PattegarPalya,ಸ್ರಿನಿವಸ ನಗರ ಪಟೆಗರ್ಪಲೆ
Srinivasa Saligrama,ಸ್ರಿನಿವಸ ಸಲಿಗ್ರಮ
Srinivasapura Cross,ಸ್ರಿನಿವಸಪುರ ಕ್ರೊಸ್ಸ್
Srinivasapura Kogilu,ಸ್ರಿನಿವಸಪುರ ಕೊಗಿಲು
St Johns Hospital,ಸ್ಟ್ ಜೊಹ್ಂಸ್ ಹೊಸ್ಪಿಟಲ್
St Joseph College,ಸ್ಟ್ ಜೊಸೆಫ್ ಕೊಲ್ಲೆಗೆ
St Josephs Indian School/ Malya Hospital,ಸ್ಟ್ ಜೊಸೆಫ್ಸ್ ಿಂದಿಂ ಸ್ಚೂಲ್/ ಮಲೆ ಹೊಸ್ಪಿಟಲ್
St Marthas Hospital,ಸ್ಟ್ ಮರ್ತಸ್ ಹೊಸ್ಪಿಟಲ್
St Patrick Church,ಸ್ಟ್ ಪಟ್ರಿಕ್ಕ್ ಚುರ್ಚ್
St francis College,ಸ್ಟ್ ೞ್ರಂಕಿಸ್ ಕೊಲ್ಲೆಗೆ
State Bank of India,ಸ್ಟಟೆ ಬಂಕ್ ೊೞ್ ಿಂದಿ
Steel Factory Banasawadi,ಸ್ಟೀಲ್ ೞಕ್ಟೊರೆ ಬನಸವದಿ
Sterling Apartment,ಸ್ಟೆರ್ಲಿಙ್ ಪರ್ಟ್ಮೆಂಟ್
Subbaiah Circle,ಸುಬ್ಬೈಹ್ ಕಿರ್ಕ್ಲೆ
Subbarayappanapalya Cross,ಸುಬ್ಬರಯಪ್ಪನಪಲೆ ಕ್ರೊಸ್ಸ್
Subbayyanapalya/Ayyappa Temple,ಸುಬ್ಬಯೆನಪಲೆ/ಯೆಪ್ಪ ಟೆಂಪ್ಲೆ
Subramanya Swamy Temple,ಸುಬ್ರಮನೆ ಸ್ವಮೆ ಟೆಂಪ್ಲೆ
Subramanyanagara,ಸುಬ್ರಮನೆನಗರ
Subramanyanagara Police Station,ಸುಬ್ರಮನೆನಗರ ಪೊಲಿಕೆ ಸ್ಟಟಿೊಂ
Subramanyanagara Thyamagondlu,ಸುಬ್ರಮನೆನಗರ ತೆಮಗೊಂದ್ಲು
Subramanyapura KEB,ಸುಬ್ರಮನೆಪುರ ಕೆಬ್
Subramanyapura Police Station,ಸುಬ್ರಮನೆಪುರ ಪೊಲಿಕೆ ಸ್ಟಟಿೊಂ
Subramanyapura Post Office,ಸುಬ್ರಮನೆಪುರ ಪೊಸ್ಟ್ ೊೞ್ೞಿಕೆ
Sujatha Talkies,ಸುಜತ ಟಲ್ಕಿೆಸ್
Sulikunte,ಸುಲಿಕುಂಟೆ
Sulivara,ಸುಲಿವರ
Sulivara Cross,ಸುಲಿವರ ಕ್ರೊಸ್ಸ್
Sultan palya,ಸುಲ್ಟಂ ಪಲೆ
Sultanpalya Cross Pushpanjali Talkies,ಸುಲ್ಟಂಪಲೆ ಕ್ರೊಸ್ಸ್ ಪುಶ್ಪಞಲಿ ಟಲ್ಕಿೆಸ್
Summanahalli,ಸುಮ್ಮನಹಲ್ಲಿ
Sunkadakatte,ಸುಂಕದಕಟೆ
Super Talkies (Cottonpet Hospital),ಸುಪೆರ್ ಟಲ್ಕಿೆಸ್ (ಕೊಟೊಂಪೆಟ್ ಹೊಸ್ಪಿಟಲ್)
Surabhi Layout,ಸುರಭಿ ಲಯೌಟ್
Suradenapura Gate,ಸುರದೆನಪುರ ಗಟೆ
Suragajakkanahalli,ಸುರಗಜಕ್ಕನಹಲ್ಲಿ
Surya Nagara,ಸುರೆ ನಗರ
Suryacity Gate,ಸುರೆಕಿಟೆ ಗಟೆ
Swami Narayana Gurukula,ಸ್ವಮಿ ನರಯನ ಗುರುಕುಲ
Swamy Vivekananda Metro Station/Isolation Hospital,ಸ್ವಮೆ ವಿವೆಕನಂದ ಮೆಟ್ರೊ ಸ್ಟಟಿೊಂ/ಿಸೊಲಟಿೊಂ ಹೊಸ್ಪಿಟಲ್
Swastik Sheshadripuram College,ಸ್ವಸ್ಟಿಕ್ ಶೆಶದ್ರಿಪುರಂ ಕೊಲ್ಲೆಗೆ
Syndicate Bank Layout,ಶೆಂದಿಕಟೆ ಬಂಕ್ ಲಯೌಟ್
Systems Peenya,ಶೆಸ್ಟೆಂಸ್ ಪೀನೆ
T Begur,ಟ್ ಬೆಗುರ್
T Dasarahalli,ಟ್ ದಸರಹಲ್ಲಿ
T John College,ಟ್ ಜೊಹ್ಂ ಕೊಲ್ಲೆಗೆ
TB Nelamangala,ಟ್ಬ್ ನೆಲಮಙಲ
TC Palya,ಟ್ಕ್ ಪಲೆ
TC Palya  Gate Hosakote Road,ಟ್ಕ್ ಪಲೆ  ಗಟೆ ಹೊಸಕೊಟೆ ರೊದ್
TC Palya Cross,ಟ್ಕ್ ಪಲೆ ಕ್ರೊಸ್ಸ್
TCI,ಟ್ಕಿ
TG Halli Quarters,ಟ್ಗ್ ಹಲ್ಲಿ qುರ್ಟೆರ್ಸ್
TP Gate Thippagondanahalli,ಟ್ಪ್ ಗಟೆ ತಿಪ್ಪಗೊಂದನಹಲ್ಲಿ
TV Tower,ಟ್ವ್ ಟೌೆರ್
TVS Cross Peenya,ಟ್ವ್ಸ್ ಕ್ರೊಸ್ಸ್ ಪೀನೆ
Tata Institute,ಟಟ ಿಂಸ್ಟಿಟುಟೆ
Tata Silk Farm,ಟಟ ಸಿಲ್ಕ್ ೞರ್ಂ
Tavakkal Hospital,ಟವಕ್ಕಲ್ ಹೊಸ್ಪಿಟಲ್
Tavarekatte,ಟವರೆಕಟೆ
Tavarekere,ಟವರೆಕೆರೆ
Telephone Exchange AGO/VSD,ಟೆಲೆಫೊನೆ ೆಕ್ಸ್ಚಙೆ ಗೊ/ವ್ಸ್ದ್
Tennis Court Thindlu,ಟೆಂನಿಸ್ ಕೌರ್ಟ್ ತಿಂದ್ಲು
Thabarahalli,ತಬರಹಲ್ಲಿ
Thalagattapura,ತಲಗಟಪುರ
Thalagattapura Metro Station,ತಲಗಟಪುರ ಮೆಟ್ರೊ ಸ್ಟಟಿೊಂ
Thalaker Cross,ತಲಕೆರ್ ಕ್ರೊಸ್ಸ್
Thanisandra,ತನಿಸಂದ್ರ
Tharabanahalli,ತರಬನಹಲ್ಲಿ
Tharabanahalli Choultry,ತರಬನಹಲ್ಲಿ ಚೌಲ್ಟ್ರೆ
The Golden Palm Resort Nagarur colony Nelamangala,ತೆ ಗೊಲ್ದೆಂ ಪಲ್ಂ ರೆಸೊರ್ಟ್ ನಗರುರ್ ಕೊಲೊನೆ ನೆಲಮಙಲ
Thigalara Chowdenahalli Cross,ತಿಗಲರ ಚೌದೆನಹಲ್ಲಿ ಕ್ರೊಸ್ಸ್
Thigalarapalya,ತಿಗಲರಪಲೆ
Thindlu,ತಿಂದ್ಲು
Thippagondanahalli Tumkur Road,ತಿಪ್ಪಗೊಂದನಹಲ್ಲಿ ಟುಂಕುರ್ ರೊದ್
Thippasandra,ತಿಪ್ಪಸಂದ್ರ
Thippasandra Market,ತಿಪ್ಪಸಂದ್ರ ಮರ್ಕೆಟ್
Thirumalapura,ತಿರುಮಲಪುರ
Thirumalashettyhalli  Cross,ತಿರುಮಲಶೆಟೆಹಲ್ಲಿ  ಕ್ರೊಸ್ಸ್
Thirumalashettyhalli Cross,ತಿರುಮಲಶೆಟೆಹಲ್ಲಿ ಕ್ರೊಸ್ಸ್
Thirumenahalli Cross (KNS College),ತಿರುಮೆನಹಲ್ಲಿ ಕ್ರೊಸ್ಸ್ (ಕ್ಂಸ್ ಕೊಲ್ಲೆಗೆ)
Thirumenahalli Gate,ತಿರುಮೆನಹಲ್ಲಿ ಗಟೆ
Thonachinakuppe,ತೊನಚಿನಕುಪ್ಪೆ
Thore Nagasandra Cross,ತೊರೆ ನಗಸಂದ್ರ ಕ್ರೊಸ್ಸ್
Thotagere Basavanna Devastana,ತೊಟಗೆರೆ ಬಸವಂನ ದೆವಸ್ಟನ
Thubarahalli,ತುಬರಹಲ್ಲಿ
Thunga Nagara,ತುಙ ನಗರ
Thunganagara Cross,ತುಙನಗರ ಕ್ರೊಸ್ಸ್
Thyagaraja Nagara,ತೆಗರಜ ನಗರ
Thyagaraja Nagara KEB Quarters,ತೆಗರಜ ನಗರ ಕೆಬ್ qುರ್ಟೆರ್ಸ್
Thyamagondlu,ತೆಮಗೊಂದ್ಲು
Thyamagondlu Cross,ತೆಮಗೊಂದ್ಲು ಕ್ರೊಸ್ಸ್
Tin Factory,ಟಿಂ ೞಕ್ಟೊರೆ
Tirumagondanahalli,ಟಿರುಮಗೊಂದನಹಲ್ಲಿ
Town Hall,ಟೌಂ ಹಲ್ಲ್
Trumpet (KIA),ಟ್ರುಂಪೆಟ್ (ಕಿ)
Tumkur Road Junction,ಟುಂಕುರ್ ರೊದ್ ಜುಂಕ್ಟಿೊಂ
Udayapura,ಉದಯಪುರ
Udipalya,ಉದಿಪಲೆ
Ullala Lake,ಉಲ್ಲಲ ಲಕೆ
Ullala Satelite Town,ಉಲ್ಲಲ ಸಟೆಲಿಟೆ ಟೌಂ
Ullala Satellite Town Cross,ಉಲ್ಲಲ ಸಟೆಲ್ಲಿಟೆ ಟೌಂ ಕ್ರೊಸ್ಸ್
Ullalu,ಉಲ್ಲಲು
Upkar Layout Cross,ಉಪ್ಕರ್ ಲಯೌಟ್ ಕ್ರೊಸ್ಸ್
Upkar Residency Layout,ಉಪ್ಕರ್ ರೆಸಿದೆಂಕೆ ಲಯೌಟ್
Uttarahalli,ಉಟರಹಲ್ಲಿ
Uttarahalli Bus Stand,ಉಟರಹಲ್ಲಿ ಬುಸ್ ಸ್ಟಂದ್
VBHC Apartment Gate,ವ್ಭ್ಕ್ ಪರ್ಟ್ಮೆಂಟ್ ಗಟೆ
Vaddarahalli Cross,ವದ್ದರಹಲ್ಲಿ ಕ್ರೊಸ್ಸ್
Vaderahalli Cross,ವದೆರಹಲ್ಲಿ ಕ್ರೊಸ್ಸ್
Vajarahalli Metro Station,ವಜರಹಲ್ಲಿ ಮೆಟ್ರೊ ಸ್ಟಟಿೊಂ
Vajramuneshwara Gate,ವಜ್ರಮುನೆಶ್ವರ ಗಟೆ
Valepura Cross,ವಲೆಪುರ ಕ್ರೊಸ್ಸ್
Valepura Gate,ವಲೆಪುರ ಗಟೆ
Vannarapet,ವಂನರಪೆಟ್
Varthur Kodi,ವರ್ತುರ್ ಕೊದಿ
Varthur kodi,ವರ್ತುರ್ ಕೊದಿ
Varthuru,ವರ್ತುರು
Varthuru Govt College,ವರ್ತುರು ಗೊವ್ಟ್ ಕೊಲ್ಲೆಗೆ
Varthuru Police Station,ವರ್ತುರು ಪೊಲಿಕೆ ಸ್ಟಟಿೊಂ
Vasantha Nagara,ವಸಂತ ನಗರ
Vasanthanagara,ವಸಂತನಗರ
Vasanthapura,ವಸಂತಪುರ
Veeranjaneya Temple,ವೀರಞನೆಯ ಟೆಂಪ್ಲೆ
Veerasandra,ವೀರಸಂದ್ರ
Venkatala,ವೆಂಕಟಲ
Venkateshapura,ವೆಂಕಟೆಶಪುರ
Venkateshwara Layout,ವೆಂಕಟೆಶ್ವರ ಲಯೌಟ್
Veterinary Hospital,ವೆಟೆರಿನರೆ ಹೊಸ್ಪಿಟಲ್
Vidhana Soudha Karnataka High Court,ವಿಧನ ಸೌಧ ಕರ್ನಟಕ ಹಿಘ್ ಕೌರ್ಟ್
Vidyamanyanagara,ವಿಠೆಮನೆನಗರ
Vidyanagara Cross Chikkajala,ವಿಠೆನಗರ ಕ್ರೊಸ್ಸ್ ಚಿಕ್ಕಜಲ
Vidyaniketan Public School,ವಿಠೆನಿಕೆಟಂ ಪುಬ್ಲಿಕ್ ಸ್ಚೂಲ್
Vidyapeeta Circle,ವಿಠೆಪೀಟ ಕಿರ್ಕ್ಲೆ
Vidyaranyapura Bus Station,ವಿಠೆರನೆಪುರ ಬುಸ್ ಸ್ಟಟಿೊಂ
Vidyaranyapura Post Office,ವಿಠೆರನೆಪುರ ಪೊಸ್ಟ್ ೊೞ್ೞಿಕೆ
Vidyasagara,ವಿಠೆಸಗರ
Vijaya Bank Bannerughatta,ವಿಜಯ ಬಂಕ್ ಬಂನೆರುಘಟ
Vijaya Bank Colony Ayyappa Temple,ವಿಜಯ ಬಂಕ್ ಕೊಲೊನೆ ಯೆಪ್ಪ ಟೆಂಪ್ಲೆ
Vijaya Bank Layout Devarachikkanahalli,ವಿಜಯ ಬಂಕ್ ಲಯೌಟ್ ದೆವರಚಿಕ್ಕನಹಲ್ಲಿ
Vijaya Bank Layout Petrol Bunk,ವಿಜಯ ಬಂಕ್ ಲಯೌಟ್ ಪೆಟ್ರೊಲ್ ಬುಂಕ್
Vijaya College,ವಿಜಯ ಕೊಲ್ಲೆಗೆ
Vijayanagara,ವಿಜಯನಗರ
Vijayanagara Bus Station,ವಿಜಯನಗರ ಬುಸ್ ಸ್ಟಟಿೊಂ
Vijayanagara Vijaya Bank,ವಿಜಯನಗರ ವಿಜಯ ಬಂಕ್
Vijayapura Bus Stand Jangamakote,ವಿಜಯಪುರ ಬುಸ್ ಸ್ಟಂದ್ ಜಙಮಕೊಟೆ
Vijayapura Cross,ವಿಜಯಪುರ ಕ್ರೊಸ್ಸ್
Vijayapura Toll Gate,ವಿಜಯಪುರ ಟೊಲ್ಲ್ ಗಟೆ
Vinayaka Layout Nagarabhavi,ವಿನಯಕ ಲಯೌಟ್ ನಗರಭವಿ
Vinayaka Nagara Hesarghatta,ವಿನಯಕ ನಗರ ಹೆಸರ್ಘಟ
Vinayakanagara Ramohalli,ವಿನಯಕನಗರ ರಮೊಹಲ್ಲಿ
Virupakshapura,ವಿರುಪಕ್ಷಪುರ
Vishwa Shanti Ashrama,ವಿಶ್ವ ಶಂಟಿ ಶ್ರಮ
Vishwanath Nagenahalli,ವಿಶ್ವನತ್ ನಗೆನಹಲ್ಲಿ
Vivek Nagara,ವಿವೆಕ್ ನಗರ
Vivekananda College,ವಿವೆಕನಂದ ಕೊಲ್ಲೆಗೆ
Vivekananda Nagara,ವಿವೆಕನಂದ ನಗರ
Vivekananda Vidyavardhaka School,ವಿವೆಕನಂದ ವಿಠೆವರ್ಧಕ ಸ್ಚೂಲ್
WIMAC Junction,ವಿಮಕ್ ಜುಂಕ್ಟಿೊಂ
Water Tank,ವಟೆರ್ ಟಂಕ್
Water Tank Chamarajapet,ವಟೆರ್ ಟಂಕ್ ಚಮರಜಪೆಟ್
Water Tank Kamalanagara,ವಟೆರ್ ಟಂಕ್ ಕಮಲನಗರ
Water Tank Kothanur Dinne,ವಟೆರ್ ಟಂಕ್ ಕೊತನುರ್ ದಿಂನೆ
Weavers Colony,ವೆವೆರ್ಸ್ ಕೊಲೊನೆ
Weavers Colony Nelamangala,ವೆವೆರ್ಸ್ ಕೊಲೊನೆ ನೆಲಮಙಲ
West Cross Kumaraswamy Layout,ವೆಸ್ಟ್ ಕ್ರೊಸ್ಸ್ ಕುಮರಸ್ವಮೆ ಲಯೌಟ್
Wheel And Axle Plant,ವ್ಹೀಲ್ ಂದ್ ಕ್ಸ್ಲೆ ಪ್ಲಂಟ್
White Field Bus Station (Vydehi Hospital),ವ್ಹಿಟೆ ೞಿೆಲ್ದ್ ಬುಸ್ ಸ್ಟಟಿೊಂ (ವೆದೆಹಿ ಹೊಸ್ಪಿಟಲ್)
White Field Post Office,ವ್ಹಿಟೆ ೞಿೆಲ್ದ್ ಪೊಸ್ಟ್ ೊೞ್ೞಿಕೆ
Widia Factory,ವಿದಿ ೞಕ್ಟೊರೆ
Widia School,ವಿದಿ ಸ್ಚೂಲ್
Wilson Garden 12th Cross,ವಿಲ್ಸೊಂ ಗರ್ದೆಂ 12ತ್ ಕ್ರೊಸ್ಸ್
Wilson Garden Police Station,ವಿಲ್ಸೊಂ ಗರ್ದೆಂ ಪೊಲಿಕೆ ಸ್ಟಟಿೊಂ
Wipro Gate Shikaripalya Cross,ವಿಪ್ರೊ ಗಟೆ ಶಿಕರಿಪಲೆ ಕ್ರೊಸ್ಸ್
Wipro Park Koramangala,ವಿಪ್ರೊ ಪರ್ಕ್ ಕೊರಮಙಲ
YAPB Toll,ಯಪ್ಬ್ ಟೊಲ್ಲ್
YAPB Toll (Volvo),ಯಪ್ಬ್ ಟೊಲ್ಲ್ (ವೊಲ್ವೊ)
Yadalam Nagara,ಯದಲಂ ನಗರ
Yadamadu Kanakapura Road,ಯದಮದು ಕನಕಪುರ ರೊದ್
Yadavanahalli,ಯದವನಹಲ್ಲಿ
Yadehalli Dabaspete,ಯದೆಹಲ್ಲಿ ದಬಸ್ಪೆಟೆ
Yadiyuru,ಯದಿಯುರು
Yadiyuru Bagalur,ಯದಿಯುರು ಬಗಲುರ್
Yalachenahalli,ಯಲಚೆನಹಲ್ಲಿ
Yale Kodigehalli,ಯಲೆ ಕೊದಿಗೆಹಲ್ಲಿ
Yale Kodigehalli Colony,ಯಲೆ ಕೊದಿಗೆಹಲ್ಲಿ ಕೊಲೊನೆ
Yamalur Cross,ಯಮಲುರ್ ಕ್ರೊಸ್ಸ್
Yamare,ಯಮರೆ
Yarab Nagara,ಯರಬ್ ನಗರ
Yarappanahalli,ಯರಪ್ಪನಹಲ್ಲಿ
Yarayyanapalya,ಯರಯೆನಪಲೆ
Yelahanka Bakery,ಯೆಲಹಂಕ ಬಕೆರೆ
Yelahanka Old Town,ಯೆಲಹಂಕ ೊಲ್ದ್ ಟೌಂ
Yelahanka Police Station,ಯೆಲಹಂಕ ಪೊಲಿಕೆ ಸ್ಟಟಿೊಂ
Yelahanka Santhe Circle,ಯೆಲಹಂಕ ಸಂತೆ ಕಿರ್ಕ್ಲೆ
Yelahanka Satellite Town,ಯೆಲಹಂಕ ಸಟೆಲ್ಲಿಟೆ ಟೌಂ
Yeshawanthapura,ಯೆಶವಂತಪುರ
Yeshawanthapura Bus Station,ಯೆಶವಂತಪುರ ಬುಸ್ ಸ್ಟಟಿೊಂ
Yeshawanthapura Circle,ಯೆಶವಂತಪುರ ಕಿರ್ಕ್ಲೆ
Yeshawanthapura Market,ಯೆಶವಂತಪುರ ಮರ್ಕೆಟ್
Yeshawanthapura New Railway Station,ಯೆಶವಂತಪುರ ನೆವ್ ರೈಲ್ವಯ್ ಸ್ಟಟಿೊಂ
Yeshawanthapura Railway Station,ಯೆಶವಂತಪುರ ರೈಲ್ವಯ್ ಸ್ಟಟಿೊಂ
Yeshawanthapura Tollgate,ಯೆಶವಂತಪುರ ಟೊಲ್ಲ್ಗಟೆ
Yettu Kodi,ಯೆಟು ಕೊದಿ
